1	Georgeanne	gfirbank0@4shared.com	1c692def50353c20cce6eaea4da7384ce70e4794	6144214227
2	Mavis	mskym1@ca.gov	1c692def50353c20cce6eaea4da7384ce70e4794	8308607884
3	Chrissy	cleuchars2@dailymotion.com	1c692def50353c20cce6eaea4da7384ce70e4794	1094057753
4	Florance	frudinger3@weibo.com	1c692def50353c20cce6eaea4da7384ce70e4794	7045089932
5	Codie	cconnett4@lulu.com	1c692def50353c20cce6eaea4da7384ce70e4794	4144910681
6	Addie	afarey5@blinklist.com	1c692def50353c20cce6eaea4da7384ce70e4794	7539204691
7	Felizio	ffellona6@telegraph.co.uk	1c692def50353c20cce6eaea4da7384ce70e4794	2581392015
8	Juliane	jjennions7@amazonaws.com	1c692def50353c20cce6eaea4da7384ce70e4794	7856112129
9	Carmencita	cshervil8@discovery.com	1c692def50353c20cce6eaea4da7384ce70e4794	5952327310
10	Ashlee	achazerand9@godaddy.com	1c692def50353c20cce6eaea4da7384ce70e4794	6725276441
11	Louise	ltrubshawea@godaddy.com	1c692def50353c20cce6eaea4da7384ce70e4794	2966707539
12	Meaghan	mwhelbandb@ucoz.ru	1c692def50353c20cce6eaea4da7384ce70e4794	6410566376
13	Chrisse	cliefc@tmall.com	1c692def50353c20cce6eaea4da7384ce70e4794	3561962562
14	Megan	mfeirnd@dion.ne.jp	1c692def50353c20cce6eaea4da7384ce70e4794	4803165510
15	Amabel	aoagere@addtoany.com	1c692def50353c20cce6eaea4da7384ce70e4794	7433427282
16	Eula	edicksonf@china.com.cn	1c692def50353c20cce6eaea4da7384ce70e4794	2989173826
17	Goldia	gwestmarlandg@ow.ly	1c692def50353c20cce6eaea4da7384ce70e4794	1035429127
18	Elsie	eflattmanh@mapquest.com	1c692def50353c20cce6eaea4da7384ce70e4794	4616929132
19	Verney	vcarmoi@sciencedirect.com	1c692def50353c20cce6eaea4da7384ce70e4794	1305076068
20	Waverly	wevangelinosj@who.int	1c692def50353c20cce6eaea4da7384ce70e4794	6739835097
21	Irv	iweinmannk@theatlantic.com	1c692def50353c20cce6eaea4da7384ce70e4794	1387145333
22	Guenna	gbillinghaml@google.ru	1c692def50353c20cce6eaea4da7384ce70e4794	4427415045
23	Almira	asperam@macromedia.com	1c692def50353c20cce6eaea4da7384ce70e4794	6216096620
24	Jessica	jbythelln@livejournal.com	1c692def50353c20cce6eaea4da7384ce70e4794	4275378525
25	Sib	swolfingero@fc2.com	1c692def50353c20cce6eaea4da7384ce70e4794	1587725657
26	Atlanta	adraytonp@eventbrite.com	1c692def50353c20cce6eaea4da7384ce70e4794	5510496782
27	Sissie	slymerq@imgur.com	1c692def50353c20cce6eaea4da7384ce70e4794	1597706175
28	Cynthy	cskatesr@icq.com	1c692def50353c20cce6eaea4da7384ce70e4794	4074600144
29	Anne	avandenhofs@va.gov	1c692def50353c20cce6eaea4da7384ce70e4794	1938378082
30	Alberik	aconeleyt@dailymotion.com	1c692def50353c20cce6eaea4da7384ce70e4794	1605440481
31	Harriette	hpattieu@cdc.gov	1c692def50353c20cce6eaea4da7384ce70e4794	3466271980
32	Wolfie	wsmithev@istockphoto.com	1c692def50353c20cce6eaea4da7384ce70e4794	6398604583
33	Astrix	adifranceshciw@eepurl.com	1c692def50353c20cce6eaea4da7384ce70e4794	3603849202
34	Skipton	sohengertyx@liveinternet.ru	1c692def50353c20cce6eaea4da7384ce70e4794	8504796141
35	Renae	rherleyy@feedburner.com	1c692def50353c20cce6eaea4da7384ce70e4794	6832609946
36	Asa	acoperz@blogs.com	1c692def50353c20cce6eaea4da7384ce70e4794	6034110871
37	Jayme	jdevil10@abc.net.au	1c692def50353c20cce6eaea4da7384ce70e4794	4981897085
38	Darnell	dheditch11@printfriendly.com	1c692def50353c20cce6eaea4da7384ce70e4794	8408143410
39	Florentia	fnorledge12@myspace.com	1c692def50353c20cce6eaea4da7384ce70e4794	6793384746
40	Kathrine	kkingston13@com.com	1c692def50353c20cce6eaea4da7384ce70e4794	1826850932
41	Hollyanne	hniven14@google.com.br	1c692def50353c20cce6eaea4da7384ce70e4794	4534676967
42	Vasily	vtapson15@nifty.com	1c692def50353c20cce6eaea4da7384ce70e4794	7221367981
43	Oralle	obrandle16@gmpg.org	1c692def50353c20cce6eaea4da7384ce70e4794	4956715766
44	Mercy	mughetti17@cdbaby.com	1c692def50353c20cce6eaea4da7384ce70e4794	1298330890
45	Lezley	lbunner18@reverbnation.com	1c692def50353c20cce6eaea4da7384ce70e4794	3255414347
46	Batholomew	bludye19@newsvine.com	1c692def50353c20cce6eaea4da7384ce70e4794	6722053603
47	Amabelle	achishull1a@bizjournals.com	1c692def50353c20cce6eaea4da7384ce70e4794	2883739739
48	Natalina	nmachen1b@ovh.net	1c692def50353c20cce6eaea4da7384ce70e4794	6291038959
49	Rheta	rklimas1c@businesswire.com	1c692def50353c20cce6eaea4da7384ce70e4794	7756920605
50	Janeva	jgodfrey1d@wired.com	1c692def50353c20cce6eaea4da7384ce70e4794	3797974750
51	Raddy	rradband1e@princeton.edu	1c692def50353c20cce6eaea4da7384ce70e4794	4876658199
52	Shay	sbentick1f@booking.com	1c692def50353c20cce6eaea4da7384ce70e4794	6832894998
53	Maryann	mgozney1g@simplemachines.org	1c692def50353c20cce6eaea4da7384ce70e4794	4949942195
54	Raychel	rdarth1h@wikimedia.org	1c692def50353c20cce6eaea4da7384ce70e4794	5484032770
55	Garrot	gbroome1i@discovery.com	1c692def50353c20cce6eaea4da7384ce70e4794	4251275974
56	Devina	dcrookall1j@yandex.ru	1c692def50353c20cce6eaea4da7384ce70e4794	5560109555
57	Lily	llennox1k@gov.uk	1c692def50353c20cce6eaea4da7384ce70e4794	2347193895
58	Findley	fuppett1l@senate.gov	1c692def50353c20cce6eaea4da7384ce70e4794	1957955759
59	Dalton	dclines1m@themeforest.net	1c692def50353c20cce6eaea4da7384ce70e4794	1460303677
60	Analise	acleiment1n@cbsnews.com	1c692def50353c20cce6eaea4da7384ce70e4794	5705906859
61	Evita	estansbury1o@prweb.com	1c692def50353c20cce6eaea4da7384ce70e4794	2437713163
62	Davidson	dmonard1p@technorati.com	1c692def50353c20cce6eaea4da7384ce70e4794	2664061810
63	Valli	vextill1q@soundcloud.com	1c692def50353c20cce6eaea4da7384ce70e4794	7292364307
64	Shirline	sapps1r@google.nl	1c692def50353c20cce6eaea4da7384ce70e4794	7605086714
65	Trish	ttidmas1s@sphinn.com	1c692def50353c20cce6eaea4da7384ce70e4794	8061258354
66	Marshall	mmaunsell1t@oaic.gov.au	1c692def50353c20cce6eaea4da7384ce70e4794	4952244006
67	Delano	dpencost1u@addthis.com	1c692def50353c20cce6eaea4da7384ce70e4794	3267422659
68	Rosie	rharverson1v@baidu.com	1c692def50353c20cce6eaea4da7384ce70e4794	1915137289
69	Othella	oclatworthy1w@epa.gov	1c692def50353c20cce6eaea4da7384ce70e4794	8896460194
70	Loren	ldiament1x@dedecms.com	1c692def50353c20cce6eaea4da7384ce70e4794	4194388108
71	Penn	pfierro1y@goo.gl	1c692def50353c20cce6eaea4da7384ce70e4794	1624866130
72	Hope	hpawelczyk1z@yellowbook.com	1c692def50353c20cce6eaea4da7384ce70e4794	5954512988
73	Ephrem	egregory20@google.com	1c692def50353c20cce6eaea4da7384ce70e4794	7473078416
74	Amelia	agaythor21@stanford.edu	1c692def50353c20cce6eaea4da7384ce70e4794	6202975204
75	Reggie	rcody22@ning.com	1c692def50353c20cce6eaea4da7384ce70e4794	6303126715
76	Carolyn	cflagg23@google.pl	1c692def50353c20cce6eaea4da7384ce70e4794	4922954429
77	Allistir	ajandourek24@ehow.com	1c692def50353c20cce6eaea4da7384ce70e4794	7860094394
78	Noll	nceaplen25@cnn.com	1c692def50353c20cce6eaea4da7384ce70e4794	5552922424
79	Winfield	wdetheridge26@domainmarket.com	1c692def50353c20cce6eaea4da7384ce70e4794	2804842254
80	Sara-ann	skyme27@ameblo.jp	1c692def50353c20cce6eaea4da7384ce70e4794	6337902146
81	Kristian	kfeatherstonehaugh28@geocities.com	1c692def50353c20cce6eaea4da7384ce70e4794	7566025271
82	Aubine	apurveys29@vk.com	1c692def50353c20cce6eaea4da7384ce70e4794	1882166605
83	Renelle	rmcgahern2a@netscape.com	1c692def50353c20cce6eaea4da7384ce70e4794	8037791229
84	Sibella	saugar2b@behance.net	1c692def50353c20cce6eaea4da7384ce70e4794	5437758476
85	Koren	kmaude2c@usda.gov	1c692def50353c20cce6eaea4da7384ce70e4794	1309655099
86	Sherwood	sokeefe2d@geocities.com	1c692def50353c20cce6eaea4da7384ce70e4794	7202728081
87	Tamara	tloveridge2e@washingtonpost.com	1c692def50353c20cce6eaea4da7384ce70e4794	3530724952
88	Vikky	vbeall2f@jimdo.com	1c692def50353c20cce6eaea4da7384ce70e4794	3952446883
89	Rosella	rledeker2g@hhs.gov	1c692def50353c20cce6eaea4da7384ce70e4794	3346366438
90	Pembroke	pkahen2h@hugedomains.com	1c692def50353c20cce6eaea4da7384ce70e4794	3927838064
91	Eloise	eharbisher2i@4shared.com	1c692def50353c20cce6eaea4da7384ce70e4794	2482487309
92	Nils	nlis2j@hud.gov	1c692def50353c20cce6eaea4da7384ce70e4794	5203447937
93	Clarine	cbolstridge2k@wufoo.com	1c692def50353c20cce6eaea4da7384ce70e4794	2329847261
94	Isabel	iceland2l@ifeng.com	1c692def50353c20cce6eaea4da7384ce70e4794	8756735658
95	Nola	nfairbrass2m@hatena.ne.jp	1c692def50353c20cce6eaea4da7384ce70e4794	8737305027
96	Natka	nwestgate2n@cnn.com	1c692def50353c20cce6eaea4da7384ce70e4794	3030375980
97	Amii	afiney2o@skyrock.com	1c692def50353c20cce6eaea4da7384ce70e4794	2811264894
98	Carolann	cosselton2p@nih.gov	1c692def50353c20cce6eaea4da7384ce70e4794	4476054535
99	Delilah	ddumingo2q@posterous.com	1c692def50353c20cce6eaea4da7384ce70e4794	7685494425
100	Shadow	strousdell2r@amazon.co.uk	1c692def50353c20cce6eaea4da7384ce70e4794	5381757037
101	Haley	hdallas2s@flickr.com	1c692def50353c20cce6eaea4da7384ce70e4794	8925672195
102	Jeannie	joxlade2t@ehow.com	1c692def50353c20cce6eaea4da7384ce70e4794	2403767922
103	Hebert	hgoffe2u@google.fr	1c692def50353c20cce6eaea4da7384ce70e4794	7966793929
104	Doreen	dcufflin2v@senate.gov	1c692def50353c20cce6eaea4da7384ce70e4794	5050145738
105	Anya	aleuty2w@odnoklassniki.ru	1c692def50353c20cce6eaea4da7384ce70e4794	7989436280
106	Thaddus	tmckyrrelly2x@de.vu	1c692def50353c20cce6eaea4da7384ce70e4794	1971581719
107	Lisette	lsturmey2y@springer.com	1c692def50353c20cce6eaea4da7384ce70e4794	3448360680
108	Avrom	abees2z@dedecms.com	1c692def50353c20cce6eaea4da7384ce70e4794	8335961664
109	Wilt	wbreese30@irs.gov	1c692def50353c20cce6eaea4da7384ce70e4794	5786557552
110	Klement	kmilburn31@phoca.cz	1c692def50353c20cce6eaea4da7384ce70e4794	1878378838
111	Linn	lbernardon32@amazon.com	1c692def50353c20cce6eaea4da7384ce70e4794	5441111309
112	Kippie	kogarmen33@census.gov	1c692def50353c20cce6eaea4da7384ce70e4794	1517203899
113	Henrietta	hfoad34@mlb.com	1c692def50353c20cce6eaea4da7384ce70e4794	4380486441
114	Berry	blince35@archive.org	1c692def50353c20cce6eaea4da7384ce70e4794	1064611479
115	Erroll	eterne36@alibaba.com	1c692def50353c20cce6eaea4da7384ce70e4794	6379736126
116	Michell	mfarnell37@home.pl	1c692def50353c20cce6eaea4da7384ce70e4794	8659935848
117	Kare	kstamper38@china.com.cn	1c692def50353c20cce6eaea4da7384ce70e4794	3404784579
118	Karlie	kabeau39@mail.ru	1c692def50353c20cce6eaea4da7384ce70e4794	2450279389
119	Barde	bphin3a@scientificamerican.com	1c692def50353c20cce6eaea4da7384ce70e4794	4166857231
120	Opaline	oskillicorn3b@mozilla.org	1c692def50353c20cce6eaea4da7384ce70e4794	4816133977
121	Skipper	sburris3c@marriott.com	1c692def50353c20cce6eaea4da7384ce70e4794	4292261824
122	Ardelis	areddington3d@guardian.co.uk	1c692def50353c20cce6eaea4da7384ce70e4794	8094583966
123	Raoul	rsmitherman3e@ed.gov	1c692def50353c20cce6eaea4da7384ce70e4794	8759282080
124	Cesaro	cfilipczynski3f@weebly.com	1c692def50353c20cce6eaea4da7384ce70e4794	7832390148
125	Laraine	lcasajuana3g@google.co.uk	1c692def50353c20cce6eaea4da7384ce70e4794	4596539678
126	Lexy	loluney3h@businessweek.com	1c692def50353c20cce6eaea4da7384ce70e4794	5665381495
127	Christin	ckornilov3i@webs.com	1c692def50353c20cce6eaea4da7384ce70e4794	5130574119
128	Derrek	dbeeho3j@amazon.de	1c692def50353c20cce6eaea4da7384ce70e4794	5102650372
129	Isidore	ipettit3k@ocn.ne.jp	1c692def50353c20cce6eaea4da7384ce70e4794	5802134697
130	Nathaniel	nburnage3l@mit.edu	1c692def50353c20cce6eaea4da7384ce70e4794	4975241421
131	Cassaundra	cfayne3m@woothemes.com	1c692def50353c20cce6eaea4da7384ce70e4794	1754818091
132	Flore	fbowles3n@ftc.gov	1c692def50353c20cce6eaea4da7384ce70e4794	1200193876
133	Philly	pantonelli3o@nytimes.com	1c692def50353c20cce6eaea4da7384ce70e4794	2123027431
134	Reggie	rwilmington3p@nba.com	1c692def50353c20cce6eaea4da7384ce70e4794	2523895590
135	Madlin	mtidder3q@chicagotribune.com	1c692def50353c20cce6eaea4da7384ce70e4794	1914427443
136	Blondelle	bmanshaw3r@un.org	1c692def50353c20cce6eaea4da7384ce70e4794	1555008411
137	Henri	hmaria3s@theguardian.com	1c692def50353c20cce6eaea4da7384ce70e4794	4221610552
138	Corrinne	czanetto3t@pen.io	1c692def50353c20cce6eaea4da7384ce70e4794	2640884251
139	Rosalinda	rmathe3u@chronoengine.com	1c692def50353c20cce6eaea4da7384ce70e4794	6977592220
140	Marga	mpearsey3v@bigcartel.com	1c692def50353c20cce6eaea4da7384ce70e4794	4803707750
141	Joella	jbaribal3w@constantcontact.com	1c692def50353c20cce6eaea4da7384ce70e4794	4849117836
142	Johnette	jlinner3x@intel.com	1c692def50353c20cce6eaea4da7384ce70e4794	3395106718
143	Modestine	mcockshutt3y@nationalgeographic.com	1c692def50353c20cce6eaea4da7384ce70e4794	8402301072
144	Kennedy	kdrewitt3z@feedburner.com	1c692def50353c20cce6eaea4da7384ce70e4794	1331250260
145	Luci	lnethercott40@google.de	1c692def50353c20cce6eaea4da7384ce70e4794	5459829811
146	Leshia	lwestney41@eventbrite.com	1c692def50353c20cce6eaea4da7384ce70e4794	5700143391
147	Prudy	pskeemor42@bluehost.com	1c692def50353c20cce6eaea4da7384ce70e4794	3730207811
148	Ewart	ecutmore43@army.mil	1c692def50353c20cce6eaea4da7384ce70e4794	2627524066
149	Petronia	pmcpeck44@diigo.com	1c692def50353c20cce6eaea4da7384ce70e4794	8305483254
150	Joye	jthow45@state.gov	1c692def50353c20cce6eaea4da7384ce70e4794	8017333291
151	Daffie	dgawkes46@prlog.org	1c692def50353c20cce6eaea4da7384ce70e4794	6987291724
152	Harp	hsomerton47@army.mil	1c692def50353c20cce6eaea4da7384ce70e4794	4431866184
153	Phylis	pthyer48@privacy.gov.au	1c692def50353c20cce6eaea4da7384ce70e4794	8274623529
154	Libbey	lfulle49@answers.com	1c692def50353c20cce6eaea4da7384ce70e4794	1852564594
155	Gabbie	ghambric4a@is.gd	1c692def50353c20cce6eaea4da7384ce70e4794	7337857528
156	Miguelita	myarnell4b@phpbb.com	1c692def50353c20cce6eaea4da7384ce70e4794	7760193215
157	Chrystel	cpiddock4c@timesonline.co.uk	1c692def50353c20cce6eaea4da7384ce70e4794	8973481642
158	Kasper	karnold4d@dyndns.org	1c692def50353c20cce6eaea4da7384ce70e4794	7684029338
159	Jodi	jroden4e@techcrunch.com	1c692def50353c20cce6eaea4da7384ce70e4794	2655007989
160	Titos	thargraves4f@chicagotribune.com	1c692def50353c20cce6eaea4da7384ce70e4794	3544584109
161	Aurelie	achant4g@digg.com	1c692def50353c20cce6eaea4da7384ce70e4794	3688251028
162	Layla	ljerrans4h@simplemachines.org	1c692def50353c20cce6eaea4da7384ce70e4794	7880778826
163	Cristiano	cdraper4i@accuweather.com	1c692def50353c20cce6eaea4da7384ce70e4794	6803798218
164	Agustin	atrappe4j@wired.com	1c692def50353c20cce6eaea4da7384ce70e4794	6681873624
165	Cara	cgrinsted4k@deliciousdays.com	1c692def50353c20cce6eaea4da7384ce70e4794	5173647726
166	Janela	jkalewe4l@hatena.ne.jp	1c692def50353c20cce6eaea4da7384ce70e4794	6175076828
167	Thatcher	toury4m@discovery.com	1c692def50353c20cce6eaea4da7384ce70e4794	1554919291
168	Loreen	lhathwood4n@lycos.com	1c692def50353c20cce6eaea4da7384ce70e4794	4998133975
169	Lodovico	lcushworth4o@cyberchimps.com	1c692def50353c20cce6eaea4da7384ce70e4794	7662359590
170	Gerty	gdibble4p@msu.edu	1c692def50353c20cce6eaea4da7384ce70e4794	1557743290
171	Zachery	zastupenas4q@smugmug.com	1c692def50353c20cce6eaea4da7384ce70e4794	4044055781
172	Lynelle	lscyone4r@opera.com	1c692def50353c20cce6eaea4da7384ce70e4794	3545531166
173	Stearn	sjebb4s@spiegel.de	1c692def50353c20cce6eaea4da7384ce70e4794	6455837898
174	Shurwood	sflintoff4t@toplist.cz	1c692def50353c20cce6eaea4da7384ce70e4794	5105833096
175	Reed	rhalfhyde4u@dell.com	1c692def50353c20cce6eaea4da7384ce70e4794	1992662749
176	Doreen	dmewes4v@macromedia.com	1c692def50353c20cce6eaea4da7384ce70e4794	2943566484
177	Wendel	wrallings4w@sohu.com	1c692def50353c20cce6eaea4da7384ce70e4794	3402190739
178	Udale	umabbot4x@youtube.com	1c692def50353c20cce6eaea4da7384ce70e4794	1122114055
179	Billie	bbradnock4y@wordpress.org	1c692def50353c20cce6eaea4da7384ce70e4794	5723157023
180	Diego	dbrownsall4z@prlog.org	1c692def50353c20cce6eaea4da7384ce70e4794	7536308829
181	Edwin	edemaine50@yellowbook.com	1c692def50353c20cce6eaea4da7384ce70e4794	4399153231
182	Kerr	kmatisse51@hhs.gov	1c692def50353c20cce6eaea4da7384ce70e4794	2433525407
183	Ileana	isimonetti52@livejournal.com	1c692def50353c20cce6eaea4da7384ce70e4794	7923575172
184	Tomas	tmckinless53@addtoany.com	1c692def50353c20cce6eaea4da7384ce70e4794	2391352828
185	Shirl	ssinclair54@weibo.com	1c692def50353c20cce6eaea4da7384ce70e4794	2053593923
186	Jesselyn	jcheston55@google.it	1c692def50353c20cce6eaea4da7384ce70e4794	7704008590
187	Lolita	lvannah56@diigo.com	1c692def50353c20cce6eaea4da7384ce70e4794	6070710587
188	Sheelah	sgillion57@toplist.cz	1c692def50353c20cce6eaea4da7384ce70e4794	1429896694
189	Fanechka	fspaughton58@redcross.org	1c692def50353c20cce6eaea4da7384ce70e4794	8335042234
190	Jdavie	jdivis59@stumbleupon.com	1c692def50353c20cce6eaea4da7384ce70e4794	1973217060
191	Katine	kposton5a@hatena.ne.jp	1c692def50353c20cce6eaea4da7384ce70e4794	3250511085
192	Brendon	bacarson5b@earthlink.net	1c692def50353c20cce6eaea4da7384ce70e4794	2038608876
193	Arlan	amacwhan5c@livejournal.com	1c692def50353c20cce6eaea4da7384ce70e4794	5386648226
194	Addison	asherington5d@linkedin.com	1c692def50353c20cce6eaea4da7384ce70e4794	7265710641
195	Blinnie	bmallindine5e@bbb.org	1c692def50353c20cce6eaea4da7384ce70e4794	8576548611
196	Carissa	cjewell5f@photobucket.com	1c692def50353c20cce6eaea4da7384ce70e4794	5309740244
197	Selby	sstratford5g@wufoo.com	1c692def50353c20cce6eaea4da7384ce70e4794	8741833601
198	Kania	keisold5h@mapy.cz	1c692def50353c20cce6eaea4da7384ce70e4794	4170172846
199	Dorothea	dkristufek5i@china.com.cn	1c692def50353c20cce6eaea4da7384ce70e4794	4625532849
200	Janina	jhughman5j@webmd.com	1c692def50353c20cce6eaea4da7384ce70e4794	3483227676
201	Valry	vwaldron5k@amazon.co.jp	1c692def50353c20cce6eaea4da7384ce70e4794	3665320416
202	Margalo	msteketee5l@gnu.org	1c692def50353c20cce6eaea4da7384ce70e4794	8631050199
203	Sisely	srangell5m@illinois.edu	1c692def50353c20cce6eaea4da7384ce70e4794	1848333940
204	Shirlene	selcox5n@hibu.com	1c692def50353c20cce6eaea4da7384ce70e4794	8270396688
205	Aubrey	aturnbull5o@state.gov	1c692def50353c20cce6eaea4da7384ce70e4794	7129606434
206	Wyatan	wbeadon5p@seesaa.net	1c692def50353c20cce6eaea4da7384ce70e4794	4452651609
207	Jamison	jgranville5q@stumbleupon.com	1c692def50353c20cce6eaea4da7384ce70e4794	6976391209
208	Dolli	dpitford5r@list-manage.com	1c692def50353c20cce6eaea4da7384ce70e4794	5890835291
209	Wilow	wbunyard5s@oracle.com	1c692def50353c20cce6eaea4da7384ce70e4794	5537689318
210	Lorine	lberkelay5t@usgs.gov	1c692def50353c20cce6eaea4da7384ce70e4794	8702215541
211	Misha	mdecruse5u@bluehost.com	1c692def50353c20cce6eaea4da7384ce70e4794	5830204328
212	Helenka	hharrap5v@indiatimes.com	1c692def50353c20cce6eaea4da7384ce70e4794	7727623148
213	Carrie	cclaw5w@mac.com	1c692def50353c20cce6eaea4da7384ce70e4794	7687190083
214	Garwin	glongthorn5x@so-net.ne.jp	1c692def50353c20cce6eaea4da7384ce70e4794	8311745284
215	Erika	easpling5y@posterous.com	1c692def50353c20cce6eaea4da7384ce70e4794	5859316758
216	Amerigo	anewhouse5z@va.gov	1c692def50353c20cce6eaea4da7384ce70e4794	5933540358
217	Hilary	hcarrivick60@mysql.com	1c692def50353c20cce6eaea4da7384ce70e4794	2960088473
218	Jobyna	jgilley61@rakuten.co.jp	1c692def50353c20cce6eaea4da7384ce70e4794	4221307874
219	Jacqueline	jsummerson62@aol.com	1c692def50353c20cce6eaea4da7384ce70e4794	1706584155
220	Horace	hdibner63@ask.com	1c692def50353c20cce6eaea4da7384ce70e4794	3831895931
221	Lyon	lgossage64@vkontakte.ru	1c692def50353c20cce6eaea4da7384ce70e4794	3866359276
222	Winslow	wmcdool65@seattletimes.com	1c692def50353c20cce6eaea4da7384ce70e4794	5697741145
223	Kirby	kgrammer66@ebay.com	1c692def50353c20cce6eaea4da7384ce70e4794	3729546145
224	Maris	mtolwood67@illinois.edu	1c692def50353c20cce6eaea4da7384ce70e4794	6798361707
225	Granger	gconant68@nsw.gov.au	1c692def50353c20cce6eaea4da7384ce70e4794	5075765486
226	Elisha	emcrobb69@is.gd	1c692def50353c20cce6eaea4da7384ce70e4794	6004090714
227	Carina	clavarack6a@soundcloud.com	1c692def50353c20cce6eaea4da7384ce70e4794	5527881102
228	Sande	somahoney6b@squarespace.com	1c692def50353c20cce6eaea4da7384ce70e4794	2660892155
229	Junie	jlasselle6c@economist.com	1c692def50353c20cce6eaea4da7384ce70e4794	3416945667
230	Daryl	drabat6d@sina.com.cn	1c692def50353c20cce6eaea4da7384ce70e4794	7352465083
231	Marie-jeanne	mbellanger6e@timesonline.co.uk	1c692def50353c20cce6eaea4da7384ce70e4794	4365399279
232	Mile	mfendlen6f@walmart.com	1c692def50353c20cce6eaea4da7384ce70e4794	3547189513
233	Gwenore	grubertelli6g@foxnews.com	1c692def50353c20cce6eaea4da7384ce70e4794	6730932121
234	Sarah	sitzhayek6h@pagesperso-orange.fr	1c692def50353c20cce6eaea4da7384ce70e4794	3839571608
235	Adara	atripney6i@list-manage.com	1c692def50353c20cce6eaea4da7384ce70e4794	3860387834
236	Oriana	ohalse6j@engadget.com	1c692def50353c20cce6eaea4da7384ce70e4794	6042683108
237	Allin	agussin6k@yale.edu	1c692def50353c20cce6eaea4da7384ce70e4794	8656399202
238	Mel	mhilldrop6l@amazon.co.jp	1c692def50353c20cce6eaea4da7384ce70e4794	7821371016
239	Nissy	ncoupland6m@ebay.com	1c692def50353c20cce6eaea4da7384ce70e4794	7951140458
240	Bea	blanfear6n@nhs.uk	1c692def50353c20cce6eaea4da7384ce70e4794	1490359768
241	Berte	bheustice6o@technorati.com	1c692def50353c20cce6eaea4da7384ce70e4794	8613243340
242	Nigel	nscane6p@google.nl	1c692def50353c20cce6eaea4da7384ce70e4794	2893907369
243	Ozzy	ovlasenko6q@hibu.com	1c692def50353c20cce6eaea4da7384ce70e4794	1569664595
244	Debra	dbarritt6r@meetup.com	1c692def50353c20cce6eaea4da7384ce70e4794	2984887710
245	Haywood	hcorington6s@youtu.be	1c692def50353c20cce6eaea4da7384ce70e4794	7945551932
246	Garrott	gmctrusty6t@ycombinator.com	1c692def50353c20cce6eaea4da7384ce70e4794	1025347609
247	Jeniece	jtreves6u@army.mil	1c692def50353c20cce6eaea4da7384ce70e4794	7789558196
248	Fremont	fcarlett6v@phpbb.com	1c692def50353c20cce6eaea4da7384ce70e4794	4183239001
249	Jeniece	jalliot6w@hibu.com	1c692def50353c20cce6eaea4da7384ce70e4794	2777043049
250	Seana	slalor6x@example.com	1c692def50353c20cce6eaea4da7384ce70e4794	8287724555
251	Florella	fbullock6y@webeden.co.uk	1c692def50353c20cce6eaea4da7384ce70e4794	6292299089
252	Early	ebirden6z@reddit.com	1c692def50353c20cce6eaea4da7384ce70e4794	2346081481
253	Wynnie	wglandon70@tamu.edu	1c692def50353c20cce6eaea4da7384ce70e4794	2603539373
254	Giles	geaglen71@netvibes.com	1c692def50353c20cce6eaea4da7384ce70e4794	4539164880
255	Rainer	rmcgarel72@disqus.com	1c692def50353c20cce6eaea4da7384ce70e4794	7086947400
256	Emlynne	eclewes73@quantcast.com	1c692def50353c20cce6eaea4da7384ce70e4794	2222947167
257	Doretta	ddyas74@addtoany.com	1c692def50353c20cce6eaea4da7384ce70e4794	5062709736
258	Devondra	dbrecknall75@google.es	1c692def50353c20cce6eaea4da7384ce70e4794	2057098724
259	Conchita	ccaesman76@gravatar.com	1c692def50353c20cce6eaea4da7384ce70e4794	3725896939
260	Sherlock	shayer77@umn.edu	1c692def50353c20cce6eaea4da7384ce70e4794	6141321685
261	Madeleine	mwidmore78@guardian.co.uk	1c692def50353c20cce6eaea4da7384ce70e4794	4309399279
262	Genia	gphilpin79@google.co.uk	1c692def50353c20cce6eaea4da7384ce70e4794	4042378446
263	Hersh	helintune7a@toplist.cz	1c692def50353c20cce6eaea4da7384ce70e4794	1212065621
264	Nickolas	nwinear7b@exblog.jp	1c692def50353c20cce6eaea4da7384ce70e4794	2038557288
265	Aile	aclavering7c@uol.com.br	1c692def50353c20cce6eaea4da7384ce70e4794	5596171106
266	Farrand	fbatstone7d@privacy.gov.au	5c4c664a2460489d215ba0c60639e07b9008eb47	5401648995
267	Wendye	wbeartup7e@theglobeandmail.com	5c4c664a2460489d215ba0c60639e07b9008eb47	4074017993
268	Hamish	hrossborough7f@constantcontact.com	5c4c664a2460489d215ba0c60639e07b9008eb47	4148196859
269	Lenore	lgrigoriscu7g@un.org	5c4c664a2460489d215ba0c60639e07b9008eb47	4982914533
270	Kellby	kdebernardis7h@issuu.com	5c4c664a2460489d215ba0c60639e07b9008eb47	8277147466
271	Stephani	ssatterlee7i@quantcast.com	5c4c664a2460489d215ba0c60639e07b9008eb47	2231458661
272	Natala	ngymblett7j@squarespace.com	5c4c664a2460489d215ba0c60639e07b9008eb47	1294415826
273	Penn	pessame7k@nps.gov	5c4c664a2460489d215ba0c60639e07b9008eb47	7177903478
274	Mack	mtitchener7l@tinypic.com	5c4c664a2460489d215ba0c60639e07b9008eb47	4286085142
275	Tessi	tstirzaker7m@yelp.com	5c4c664a2460489d215ba0c60639e07b9008eb47	2014829077
276	Lauree	lemloch7n@loc.gov	5c4c664a2460489d215ba0c60639e07b9008eb47	1153359771
277	Zachariah	zwythill7o@google.com	5c4c664a2460489d215ba0c60639e07b9008eb47	3960924368
278	Jarrad	jabbey7p@ezinearticles.com	5c4c664a2460489d215ba0c60639e07b9008eb47	3049526114
279	Lelah	lauld7q@xrea.com	5c4c664a2460489d215ba0c60639e07b9008eb47	1763728803
280	Germaine	gmcgenn7r@a8.net	5c4c664a2460489d215ba0c60639e07b9008eb47	2323721486
281	Brockie	broyson7s@artisteer.com	5c4c664a2460489d215ba0c60639e07b9008eb47	6006569178
282	Inigo	isollime7t@joomla.org	5c4c664a2460489d215ba0c60639e07b9008eb47	3723597946
283	Hollyanne	hswinburn7u@tiny.cc	5c4c664a2460489d215ba0c60639e07b9008eb47	3507694934
284	Bambie	bkelmere7v@ehow.com	5c4c664a2460489d215ba0c60639e07b9008eb47	3551507938
285	Zack	zcody7w@jigsy.com	5c4c664a2460489d215ba0c60639e07b9008eb47	5351384678
286	Shannah	sscranney7x@dot.gov	5c4c664a2460489d215ba0c60639e07b9008eb47	4691639641
287	Igor	icroll7y@barnesandnoble.com	5c4c664a2460489d215ba0c60639e07b9008eb47	2922900685
288	Beulah	bhoys7z@ca.gov	5c4c664a2460489d215ba0c60639e07b9008eb47	8505218924
289	Clemmy	cdumelow80@desdev.cn	5c4c664a2460489d215ba0c60639e07b9008eb47	6922277363
290	Pernell	pyakuntsov81@hatena.ne.jp	5c4c664a2460489d215ba0c60639e07b9008eb47	6585695178
291	Junie	jrevill82@squidoo.com	5c4c664a2460489d215ba0c60639e07b9008eb47	4582278179
292	Jerrie	jphizacklea83@unc.edu	5c4c664a2460489d215ba0c60639e07b9008eb47	1382528529
293	Mollie	monyon84@ycombinator.com	5c4c664a2460489d215ba0c60639e07b9008eb47	3199944877
294	Karon	kziems85@wikimedia.org	5c4c664a2460489d215ba0c60639e07b9008eb47	7978172433
295	Laetitia	llevi86@redcross.org	5c4c664a2460489d215ba0c60639e07b9008eb47	3884708562
296	Wallie	wmartyntsev87@nih.gov	5c4c664a2460489d215ba0c60639e07b9008eb47	1891125280
297	Skyler	ssteffens88@army.mil	5c4c664a2460489d215ba0c60639e07b9008eb47	1202003489
298	Rebecca	rharlin89@studiopress.com	5c4c664a2460489d215ba0c60639e07b9008eb47	1924332566
299	Collen	ccrapper8a@is.gd	5c4c664a2460489d215ba0c60639e07b9008eb47	4850085844
300	Leshia	lveryan8b@free.fr	5c4c664a2460489d215ba0c60639e07b9008eb47	5314029915
301	Rosemary	rilsley8c@stumbleupon.com	5c4c664a2460489d215ba0c60639e07b9008eb47	2829155864
302	Annissa	aploughwright8d@blogtalkradio.com	5c4c664a2460489d215ba0c60639e07b9008eb47	4054576377
303	Mathian	mshilstone8e@abc.net.au	5c4c664a2460489d215ba0c60639e07b9008eb47	1459366048
304	Colver	ckarle8f@dmoz.org	5c4c664a2460489d215ba0c60639e07b9008eb47	2131318582
305	Lin	larchbutt8g@tripod.com	5c4c664a2460489d215ba0c60639e07b9008eb47	5194437024
306	Wes	wpauel8h@cnbc.com	5c4c664a2460489d215ba0c60639e07b9008eb47	2142840601
307	Ryan	rcrewther8i@examiner.com	5c4c664a2460489d215ba0c60639e07b9008eb47	2370633701
308	Valentine	vacosta8j@privacy.gov.au	5c4c664a2460489d215ba0c60639e07b9008eb47	8978983144
309	Shelagh	slucius8k@ucla.edu	5c4c664a2460489d215ba0c60639e07b9008eb47	2114599748
310	Freida	fkatte8l@europa.eu	5c4c664a2460489d215ba0c60639e07b9008eb47	8291794099
311	Brenden	bserjeantson8m@ezinearticles.com	5c4c664a2460489d215ba0c60639e07b9008eb47	3783094172
312	Polly	psumner8n@live.com	5c4c664a2460489d215ba0c60639e07b9008eb47	2405057679
313	Filide	fnapolitano8o@theglobeandmail.com	5c4c664a2460489d215ba0c60639e07b9008eb47	7687090683
314	Lezley	lfranken8p@clickbank.net	5c4c664a2460489d215ba0c60639e07b9008eb47	6664562925
315	Marv	mheymes8q@tuttocitta.it	5c4c664a2460489d215ba0c60639e07b9008eb47	8338225669
316	Nev	nmagill8r@virginia.edu	5c4c664a2460489d215ba0c60639e07b9008eb47	1903208359
317	Ulrick	umerck8s@people.com.cn	5c4c664a2460489d215ba0c60639e07b9008eb47	3019506126
318	Nady	nhamson8t@free.fr	5c4c664a2460489d215ba0c60639e07b9008eb47	1806628596
319	Roze	rcheyne8u@china.com.cn	5c4c664a2460489d215ba0c60639e07b9008eb47	7666018197
320	Kennie	kmertgen8v@baidu.com	5c4c664a2460489d215ba0c60639e07b9008eb47	2598213498
321	Zachariah	zgeorges8w@reddit.com	5c4c664a2460489d215ba0c60639e07b9008eb47	6473269364
322	Dietrich	dcrossdale8x@cloudflare.com	5c4c664a2460489d215ba0c60639e07b9008eb47	2223768578
323	Olivie	otokell8y@gov.uk	5c4c664a2460489d215ba0c60639e07b9008eb47	2908193799
324	Isacco	igow8z@dot.gov	5c4c664a2460489d215ba0c60639e07b9008eb47	5962043555
325	Tony	twinson90@marketwatch.com	5c4c664a2460489d215ba0c60639e07b9008eb47	4454423643
326	Timofei	tdawbery91@bluehost.com	5c4c664a2460489d215ba0c60639e07b9008eb47	3233072093
327	Audy	ashinner92@amazon.com	5c4c664a2460489d215ba0c60639e07b9008eb47	8614651937
328	Orion	oambroix93@yellowbook.com	5c4c664a2460489d215ba0c60639e07b9008eb47	2554826890
329	Farah	ftomney94@amazon.de	5c4c664a2460489d215ba0c60639e07b9008eb47	6488102645
330	Tiphanie	tpruce95@nifty.com	5c4c664a2460489d215ba0c60639e07b9008eb47	7659532940
331	Forester	floble96@123-reg.co.uk	5c4c664a2460489d215ba0c60639e07b9008eb47	8787346347
332	Darbie	dvasyutichev97@skype.com	5c4c664a2460489d215ba0c60639e07b9008eb47	7565185828
333	Dory	dtinton98@google.co.uk	5c4c664a2460489d215ba0c60639e07b9008eb47	4595113114
334	Aluin	amillam99@gov.uk	5c4c664a2460489d215ba0c60639e07b9008eb47	6421286898
335	Milty	mmacilhargy9a@acquirethisname.com	5c4c664a2460489d215ba0c60639e07b9008eb47	6390137757
336	Marchelle	mskill9b@nymag.com	5c4c664a2460489d215ba0c60639e07b9008eb47	5201187273
337	Sherie	srissom9c@wikispaces.com	5c4c664a2460489d215ba0c60639e07b9008eb47	2217929314
338	Rick	rduncanson9d@webnode.com	5c4c664a2460489d215ba0c60639e07b9008eb47	5703650383
339	Eddy	egurery9e@multiply.com	5c4c664a2460489d215ba0c60639e07b9008eb47	4617093631
340	Gilbert	gmidgely9f@blogs.com	5c4c664a2460489d215ba0c60639e07b9008eb47	8449247168
341	Fee	ftaffs9g@bizjournals.com	5c4c664a2460489d215ba0c60639e07b9008eb47	4771312135
342	Mada	mgerardet9h@youtube.com	5c4c664a2460489d215ba0c60639e07b9008eb47	6097368801
343	Lazarus	lgersam9i@cmu.edu	5c4c664a2460489d215ba0c60639e07b9008eb47	8069673354
344	Cicily	coleary9j@java.com	5c4c664a2460489d215ba0c60639e07b9008eb47	8599035054
345	Christin	credwing9k@list-manage.com	5c4c664a2460489d215ba0c60639e07b9008eb47	5399266868
346	Carilyn	cliquorish9l@imdb.com	5c4c664a2460489d215ba0c60639e07b9008eb47	8902934259
347	Bobette	bblewis9m@buzzfeed.com	5c4c664a2460489d215ba0c60639e07b9008eb47	6188656446
348	Petey	pdumphry9n@wikimedia.org	5c4c664a2460489d215ba0c60639e07b9008eb47	4745621934
349	Giselbert	gcastiglioni9o@seattletimes.com	5c4c664a2460489d215ba0c60639e07b9008eb47	4439509012
350	Drusie	durry9p@youtu.be	5c4c664a2460489d215ba0c60639e07b9008eb47	6686661804
351	Rois	rhinemoor9q@wordpress.com	5c4c664a2460489d215ba0c60639e07b9008eb47	5167252494
352	Bren	bkelsell9r@mediafire.com	5c4c664a2460489d215ba0c60639e07b9008eb47	6895703905
353	Chiquia	cchattaway9s@twitpic.com	5c4c664a2460489d215ba0c60639e07b9008eb47	2790334613
354	Trevor	tburgill9t@multiply.com	5c4c664a2460489d215ba0c60639e07b9008eb47	3469268576
355	Jennilee	jseleway9u@4shared.com	5c4c664a2460489d215ba0c60639e07b9008eb47	5150272046
356	Hobart	hheddon9v@ehow.com	5c4c664a2460489d215ba0c60639e07b9008eb47	4557805891
357	Caldwell	csulter9w@gnu.org	5c4c664a2460489d215ba0c60639e07b9008eb47	5272718106
358	Morena	mquinton9x@house.gov	5c4c664a2460489d215ba0c60639e07b9008eb47	3729184354
359	Gabie	gludlamme9y@cargocollective.com	5c4c664a2460489d215ba0c60639e07b9008eb47	7088246117
360	Aleen	abennis9z@nifty.com	5c4c664a2460489d215ba0c60639e07b9008eb47	4269970475
361	Milicent	mpaolonia0@hexun.com	5c4c664a2460489d215ba0c60639e07b9008eb47	2461441498
362	Abeu	aawina1@dagondesign.com	5c4c664a2460489d215ba0c60639e07b9008eb47	3218245944
363	Dodi	djenkyna2@huffingtonpost.com	5c4c664a2460489d215ba0c60639e07b9008eb47	8828030268
364	Danie	dwarburtona3@purevolume.com	5c4c664a2460489d215ba0c60639e07b9008eb47	4407696318
365	Felic	fcrannella4@jalbum.net	5c4c664a2460489d215ba0c60639e07b9008eb47	2544396588
366	Inesita	igebuhra5@bravesites.com	5c4c664a2460489d215ba0c60639e07b9008eb47	3812675839
367	Leela	lpfeifera6@soup.io	5c4c664a2460489d215ba0c60639e07b9008eb47	3821130650
368	Drugi	dbrydea7@newyorker.com	5c4c664a2460489d215ba0c60639e07b9008eb47	3465142017
369	Christy	cknottona8@jalbum.net	5c4c664a2460489d215ba0c60639e07b9008eb47	3537443360
370	Althea	akirleya9@delicious.com	5c4c664a2460489d215ba0c60639e07b9008eb47	3525838993
371	Tan	tcranshawaa@plala.or.jp	5c4c664a2460489d215ba0c60639e07b9008eb47	5743566348
372	Prince	pmerryfieldab@reverbnation.com	5c4c664a2460489d215ba0c60639e07b9008eb47	7618245398
373	Othilie	ocoughlinac@51.la	5c4c664a2460489d215ba0c60639e07b9008eb47	2282475382
374	Albertine	adebruynad@xinhuanet.com	5c4c664a2460489d215ba0c60639e07b9008eb47	8757215657
375	Timotheus	tlitherboroughae@slideshare.net	5c4c664a2460489d215ba0c60639e07b9008eb47	6911396331
376	Brietta	bturevilleaf@reverbnation.com	5c4c664a2460489d215ba0c60639e07b9008eb47	6836071312
377	Klaus	kpoundsfordag@phoca.cz	5c4c664a2460489d215ba0c60639e07b9008eb47	2282708115
378	Cora	cvandendaelah@java.com	5c4c664a2460489d215ba0c60639e07b9008eb47	7074926820
379	Carlee	chumphrysai@mediafire.com	5c4c664a2460489d215ba0c60639e07b9008eb47	3841832966
380	Erhart	esmallwoodaj@chron.com	5c4c664a2460489d215ba0c60639e07b9008eb47	7102838336
381	Onida	ofairlamak@myspace.com	5c4c664a2460489d215ba0c60639e07b9008eb47	1623243489
382	Hewie	hkernockal@epa.gov	5c4c664a2460489d215ba0c60639e07b9008eb47	8944938709
383	Idette	ikennam@google.de	5c4c664a2460489d215ba0c60639e07b9008eb47	5937171471
384	Annabelle	ahinnerkan@taobao.com	5c4c664a2460489d215ba0c60639e07b9008eb47	6471947337
385	Angelo	arankinao@adobe.com	5c4c664a2460489d215ba0c60639e07b9008eb47	4252268701
386	Ikey	iharrollap@businesswire.com	5c4c664a2460489d215ba0c60639e07b9008eb47	2278975452
387	Hildagarde	hsarjentaq@dailymail.co.uk	5c4c664a2460489d215ba0c60639e07b9008eb47	3517690384
388	Helena	hpeltzar@slideshare.net	5c4c664a2460489d215ba0c60639e07b9008eb47	7393243996
389	Robbin	rvonasekas@nytimes.com	5c4c664a2460489d215ba0c60639e07b9008eb47	5539622494
390	Alexander	anutteyat@illinois.edu	5c4c664a2460489d215ba0c60639e07b9008eb47	5745182919
391	Carrissa	csawartau@nydailynews.com	5c4c664a2460489d215ba0c60639e07b9008eb47	6249789770
392	Brandy	bcraikerav@amazon.de	5c4c664a2460489d215ba0c60639e07b9008eb47	1114149054
393	Damien	dkightlyaw@free.fr	5c4c664a2460489d215ba0c60639e07b9008eb47	7131232258
394	Mae	mgoverax@about.me	5c4c664a2460489d215ba0c60639e07b9008eb47	1699505642
395	Cad	cupstoneay@dailymail.co.uk	5c4c664a2460489d215ba0c60639e07b9008eb47	6326467388
396	Orville	odamiataaz@wikimedia.org	5c4c664a2460489d215ba0c60639e07b9008eb47	3115610789
397	Elnore	ewillesonb0@unesco.org	5c4c664a2460489d215ba0c60639e07b9008eb47	2419101998
398	Gigi	gdallanderb1@comsenz.com	5c4c664a2460489d215ba0c60639e07b9008eb47	5982932807
399	Sherman	spulleyb2@vkontakte.ru	5c4c664a2460489d215ba0c60639e07b9008eb47	5024154399
400	Onfre	obetteb3@nature.com	5c4c664a2460489d215ba0c60639e07b9008eb47	5333635690
401	Grata	gpeplayb4@google.com	5c4c664a2460489d215ba0c60639e07b9008eb47	3261398131
402	Elisabetta	etickleb5@nyu.edu	5c4c664a2460489d215ba0c60639e07b9008eb47	1670861434
403	Claudina	cstewartb6@nature.com	5c4c664a2460489d215ba0c60639e07b9008eb47	8191361092
404	Myrilla	mdimelowb7@plala.or.jp	5c4c664a2460489d215ba0c60639e07b9008eb47	1178988077
405	Page	pfilippellob8@businessinsider.com	5c4c664a2460489d215ba0c60639e07b9008eb47	2091766036
406	Alla	acaldarob9@sciencedaily.com	5c4c664a2460489d215ba0c60639e07b9008eb47	1105585850
407	Fania	fpidwellba@infoseek.co.jp	5c4c664a2460489d215ba0c60639e07b9008eb47	6226501683
408	Wendell	whehlbb@xinhuanet.com	5c4c664a2460489d215ba0c60639e07b9008eb47	6152960457
409	Stevy	sjainebc@ibm.com	5c4c664a2460489d215ba0c60639e07b9008eb47	7187981154
410	Dani	dsumnerbd@miibeian.gov.cn	5c4c664a2460489d215ba0c60639e07b9008eb47	4275640211
411	Fannie	fraynhambe@qq.com	5c4c664a2460489d215ba0c60639e07b9008eb47	3560560424
412	Hendrik	hvegasbf@odnoklassniki.ru	5c4c664a2460489d215ba0c60639e07b9008eb47	3634398902
413	Kirstin	khadwinbg@canalblog.com	5c4c664a2460489d215ba0c60639e07b9008eb47	3127302524
414	Dukey	dmitchenerbh@si.edu	5c4c664a2460489d215ba0c60639e07b9008eb47	1623940781
415	Ashby	acharrierbi@independent.co.uk	5c4c664a2460489d215ba0c60639e07b9008eb47	4653177520
416	Kip	kellumbj@google.com.hk	5c4c664a2460489d215ba0c60639e07b9008eb47	5302058178
417	Dev	dbannardbk@ca.gov	5c4c664a2460489d215ba0c60639e07b9008eb47	4915354405
418	Veronike	vklassmannbl@ucla.edu	5c4c664a2460489d215ba0c60639e07b9008eb47	4135025442
419	Gertrud	gmabonebm@ezinearticles.com	5c4c664a2460489d215ba0c60639e07b9008eb47	2245998470
420	Hendrik	hharnottbn@networksolutions.com	5c4c664a2460489d215ba0c60639e07b9008eb47	4900217823
421	Reggis	rmarcomebo@opera.com	5c4c664a2460489d215ba0c60639e07b9008eb47	6349290464
422	Melesa	mlicencebp@cam.ac.uk	5c4c664a2460489d215ba0c60639e07b9008eb47	1358022279
423	Danyette	drenahanbq@phpbb.com	5c4c664a2460489d215ba0c60639e07b9008eb47	8843411007
424	Montague	menticknapbr@epa.gov	5c4c664a2460489d215ba0c60639e07b9008eb47	6547872330
425	Jorey	jselburnbs@addthis.com	5c4c664a2460489d215ba0c60639e07b9008eb47	5402017569
426	Brigit	bhrycekbt@slashdot.org	5c4c664a2460489d215ba0c60639e07b9008eb47	5613801803
427	Eloisa	eadiebu@bloglovin.com	5c4c664a2460489d215ba0c60639e07b9008eb47	1109873148
428	Kitti	kswatradgebv@cyberchimps.com	5c4c664a2460489d215ba0c60639e07b9008eb47	1898617062
429	Joana	jbonnerbw@cnbc.com	5c4c664a2460489d215ba0c60639e07b9008eb47	8571581835
430	Wenda	whatchettebx@jalbum.net	5c4c664a2460489d215ba0c60639e07b9008eb47	8181848863
431	Lindsy	lthomtsonby@google.ca	5c4c664a2460489d215ba0c60639e07b9008eb47	4861496286
432	Gillie	gmenicombbz@tumblr.com	5c4c664a2460489d215ba0c60639e07b9008eb47	5639116216
433	Johnna	jitzakovitzc0@seesaa.net	5c4c664a2460489d215ba0c60639e07b9008eb47	3632807672
434	Tadio	tiamittiic1@parallels.com	5c4c664a2460489d215ba0c60639e07b9008eb47	6849691059
435	Aubry	adowellc2@dedecms.com	5c4c664a2460489d215ba0c60639e07b9008eb47	4198072320
436	Sargent	syarnc3@amazon.de	5c4c664a2460489d215ba0c60639e07b9008eb47	6350914751
437	Wynn	wdaggc4@google.com	5c4c664a2460489d215ba0c60639e07b9008eb47	3914627054
438	Isacco	iwheldonc5@nih.gov	5c4c664a2460489d215ba0c60639e07b9008eb47	5671779938
439	Anatole	arewbottomc6@wisc.edu	5c4c664a2460489d215ba0c60639e07b9008eb47	5581473793
440	Town	twendenc7@google.com.au	5c4c664a2460489d215ba0c60639e07b9008eb47	5275764567
441	Dorelia	dkeddyc8@hhs.gov	5c4c664a2460489d215ba0c60639e07b9008eb47	3386526108
442	Temp	tkalaherc9@macromedia.com	5c4c664a2460489d215ba0c60639e07b9008eb47	1431206555
443	Shela	sperigoeca@pbs.org	5c4c664a2460489d215ba0c60639e07b9008eb47	6653168571
444	Demetris	dkinglakecb@slideshare.net	5c4c664a2460489d215ba0c60639e07b9008eb47	6436781972
445	Maxine	mgiacobbocc@domainmarket.com	5c4c664a2460489d215ba0c60639e07b9008eb47	6061882301
446	Candie	cwinridgecd@reddit.com	5c4c664a2460489d215ba0c60639e07b9008eb47	5710976087
447	Chevy	cmcviece@ftc.gov	5c4c664a2460489d215ba0c60639e07b9008eb47	6710176761
448	Arther	akingshottcf@ihg.com	5c4c664a2460489d215ba0c60639e07b9008eb47	4786264706
449	Ashli	adrippscg@privacy.gov.au	5c4c664a2460489d215ba0c60639e07b9008eb47	3016890387
450	Rosalia	rhonackch@vinaora.com	5c4c664a2460489d215ba0c60639e07b9008eb47	1677945449
451	Hestia	hwolfeci@hostgator.com	5c4c664a2460489d215ba0c60639e07b9008eb47	6327728934
452	Bern	bkohtlercj@state.gov	5c4c664a2460489d215ba0c60639e07b9008eb47	1509782858
453	Jordan	jgauntleyck@alibaba.com	5c4c664a2460489d215ba0c60639e07b9008eb47	4448630778
454	Lane	lcutcheecl@usda.gov	5c4c664a2460489d215ba0c60639e07b9008eb47	7293061303
455	Mace	mnewlovecm@nsw.gov.au	5c4c664a2460489d215ba0c60639e07b9008eb47	3243305968
456	Ainslee	amcneilcn@drupal.org	5c4c664a2460489d215ba0c60639e07b9008eb47	3114024417
457	Rycca	raldinsco@drupal.org	5c4c664a2460489d215ba0c60639e07b9008eb47	5734925090
458	Sargent	sfeighrycp@nifty.com	5c4c664a2460489d215ba0c60639e07b9008eb47	4509473536
459	Eldin	eeminsoncq@jalbum.net	5c4c664a2460489d215ba0c60639e07b9008eb47	1141516428
460	Jehanna	jhallewellcr@weebly.com	5c4c664a2460489d215ba0c60639e07b9008eb47	2697633710
461	Chris	cilemcs@geocities.com	5c4c664a2460489d215ba0c60639e07b9008eb47	3749014517
462	Abigale	aafieldct@washington.edu	5c4c664a2460489d215ba0c60639e07b9008eb47	3347448057
463	Damaris	dsquirecu@so-net.ne.jp	5c4c664a2460489d215ba0c60639e07b9008eb47	5383190498
464	Aurie	afinckecv@rediff.com	5c4c664a2460489d215ba0c60639e07b9008eb47	3634246581
465	Christabella	cdonahercw@unicef.org	5c4c664a2460489d215ba0c60639e07b9008eb47	8600254599
466	Moritz	mpeakmancx@woothemes.com	5c4c664a2460489d215ba0c60639e07b9008eb47	1197433872
467	Preston	pchamberlaincy@craigslist.org	5c4c664a2460489d215ba0c60639e07b9008eb47	5065637581
468	Gordy	ggrisenthwaitecz@is.gd	5c4c664a2460489d215ba0c60639e07b9008eb47	5284165272
469	Velma	vhabeshawd0@usgs.gov	5c4c664a2460489d215ba0c60639e07b9008eb47	1155349692
470	Maisie	mhemphilld1@creativecommons.org	5c4c664a2460489d215ba0c60639e07b9008eb47	4619985715
471	Robert	rmayoud2@prnewswire.com	5c4c664a2460489d215ba0c60639e07b9008eb47	5501503177
472	Millie	mcyphusd3@umich.edu	5c4c664a2460489d215ba0c60639e07b9008eb47	2062881605
473	Bary	bgoodanewd4@cbslocal.com	5c4c664a2460489d215ba0c60639e07b9008eb47	4365490931
474	Margarete	mwhyed5@google.es	5c4c664a2460489d215ba0c60639e07b9008eb47	5391932844
475	Julieta	jbourreld6@arizona.edu	5c4c664a2460489d215ba0c60639e07b9008eb47	6465669611
476	Jacquenetta	jbecarisd7@altervista.org	5c4c664a2460489d215ba0c60639e07b9008eb47	1883542424
477	Jerome	jskused8@google.co.jp	5c4c664a2460489d215ba0c60639e07b9008eb47	8260376061
478	Valentijn	vgluyasd9@imgur.com	5c4c664a2460489d215ba0c60639e07b9008eb47	7364396618
479	Harri	hstollwerckda@dailymail.co.uk	5c4c664a2460489d215ba0c60639e07b9008eb47	2636909439
480	Karrie	kblasettidb@youtu.be	5c4c664a2460489d215ba0c60639e07b9008eb47	7239062473
481	Raddie	rkuzmadc@sciencedirect.com	5c4c664a2460489d215ba0c60639e07b9008eb47	3299783418
482	Lurline	lguytondd@senate.gov	5c4c664a2460489d215ba0c60639e07b9008eb47	2809626458
483	Pearla	pcapeyde@biglobe.ne.jp	5c4c664a2460489d215ba0c60639e07b9008eb47	3230457487
484	Cheryl	crevendf@ox.ac.uk	5c4c664a2460489d215ba0c60639e07b9008eb47	4147118513
485	Fancie	fcaselladg@liveinternet.ru	5c4c664a2460489d215ba0c60639e07b9008eb47	8924189320
486	Christa	cgeindredh@cmu.edu	5c4c664a2460489d215ba0c60639e07b9008eb47	4484679422
487	Emanuel	eocuddiedi@un.org	5c4c664a2460489d215ba0c60639e07b9008eb47	2788060819
488	Eldon	ebardwalldj@ovh.net	5c4c664a2460489d215ba0c60639e07b9008eb47	6766394357
489	Boris	bkealdk@hubpages.com	5c4c664a2460489d215ba0c60639e07b9008eb47	8918595175
490	Berta	blightondl@umn.edu	5c4c664a2460489d215ba0c60639e07b9008eb47	7144793469
491	Eunice	epimbleydm@irs.gov	5c4c664a2460489d215ba0c60639e07b9008eb47	1388767495
492	Fernande	frosparsdn@ebay.com	5c4c664a2460489d215ba0c60639e07b9008eb47	7058866966
493	Conway	cpidgeleydo@artisteer.com	5c4c664a2460489d215ba0c60639e07b9008eb47	2847395032
494	Christabel	canderssondp@shop-pro.jp	5c4c664a2460489d215ba0c60639e07b9008eb47	6098704824
495	Branden	bconklingdq@upenn.edu	5c4c664a2460489d215ba0c60639e07b9008eb47	8421624747
496	Catherina	cwainwrightdr@de.vu	5c4c664a2460489d215ba0c60639e07b9008eb47	3935834655
497	Aldrich	adayceds@forbes.com	5c4c664a2460489d215ba0c60639e07b9008eb47	4757296735
498	Rosa	rionndt@narod.ru	5c4c664a2460489d215ba0c60639e07b9008eb47	3163804182
499	Trisha	tslocumdu@ca.gov	5c4c664a2460489d215ba0c60639e07b9008eb47	5614475898
500	Wileen	wropkesdv@themeforest.net	5c4c664a2460489d215ba0c60639e07b9008eb47	3178664513
501	Rosalia	rjedrachowiczdw@businesswire.com	5c4c664a2460489d215ba0c60639e07b9008eb47	6002241727
502	Ingar	ieyresdx@github.com	5c4c664a2460489d215ba0c60639e07b9008eb47	1324487331
503	Niels	nwhitwamdy@apple.com	5c4c664a2460489d215ba0c60639e07b9008eb47	1948148820
504	Ingmar	iwynrehamedz@imageshack.us	5c4c664a2460489d215ba0c60639e07b9008eb47	8305961657
505	Elnar	eandrejse0@ox.ac.uk	5c4c664a2460489d215ba0c60639e07b9008eb47	2683725499
506	Nicolai	ngosseline1@nymag.com	5c4c664a2460489d215ba0c60639e07b9008eb47	1297767604
507	Coletta	ccharnleye2@intel.com	5c4c664a2460489d215ba0c60639e07b9008eb47	1693087240
508	Haze	hmattocke3@fc2.com	5c4c664a2460489d215ba0c60639e07b9008eb47	6514079785
509	Lorry	lmccannye4@cisco.com	5c4c664a2460489d215ba0c60639e07b9008eb47	3300932482
510	Kizzee	kmarquese5@imdb.com	5c4c664a2460489d215ba0c60639e07b9008eb47	2018483052
511	Ody	osyere6@google.com.hk	5c4c664a2460489d215ba0c60639e07b9008eb47	6067181365
512	Laughton	lcollocotte7@cloudflare.com	5c4c664a2460489d215ba0c60639e07b9008eb47	1654133022
513	Gunar	gdurbane8@usnews.com	5c4c664a2460489d215ba0c60639e07b9008eb47	7717981011
514	Almira	alehouxe9@livejournal.com	5c4c664a2460489d215ba0c60639e07b9008eb47	1599146727
515	Ayn	aastleea@ucla.edu	5c4c664a2460489d215ba0c60639e07b9008eb47	3294427105
516	Karney	krivallandeb@ow.ly	5c4c664a2460489d215ba0c60639e07b9008eb47	3929173216
517	Torrie	tdunkertonec@netvibes.com	5c4c664a2460489d215ba0c60639e07b9008eb47	6021780561
518	Michele	mlegated@rakuten.co.jp	5c4c664a2460489d215ba0c60639e07b9008eb47	6463811145
519	Gerick	gphippardee@statcounter.com	5c4c664a2460489d215ba0c60639e07b9008eb47	6722252430
520	Cary	cosmintef@parallels.com	5c4c664a2460489d215ba0c60639e07b9008eb47	4295743635
521	Erhard	esharplineg@ebay.co.uk	5c4c664a2460489d215ba0c60639e07b9008eb47	5354362512
522	Winfield	wantonijeviceh@state.gov	5c4c664a2460489d215ba0c60639e07b9008eb47	6798943899
523	Garwood	gbanburyei@earthlink.net	5c4c664a2460489d215ba0c60639e07b9008eb47	7127648644
524	Stephenie	sjammetej@wordpress.org	5c4c664a2460489d215ba0c60639e07b9008eb47	4312756846
525	Rhianna	rplumtreeek@google.it	5c4c664a2460489d215ba0c60639e07b9008eb47	2062215258
526	Hew	hnowakowskiel@utexas.edu	5c4c664a2460489d215ba0c60639e07b9008eb47	4980898452
527	Arlene	abarnewilleem@smugmug.com	5c4c664a2460489d215ba0c60639e07b9008eb47	5476278467
528	Horst	hwelsbyen@eventbrite.com	5c4c664a2460489d215ba0c60639e07b9008eb47	1383052288
529	Ardisj	aschwandeo@yellowbook.com	5c4c664a2460489d215ba0c60639e07b9008eb47	4597596297
530	Tilda	tkingslyep@sun.com	5c4c664a2460489d215ba0c60639e07b9008eb47	2958375996
531	Kelsey	kwhitelandeq@home.pl	5c4c664a2460489d215ba0c60639e07b9008eb47	3621679077
532	Korie	kpoynterer@washington.edu	5c4c664a2460489d215ba0c60639e07b9008eb47	4277124447
533	Alphonso	asebastianes@sitemeter.com	5c4c664a2460489d215ba0c60639e07b9008eb47	8298457646
534	Bertie	bmaillardet@wisc.edu	5c4c664a2460489d215ba0c60639e07b9008eb47	3534567756
535	Emery	edebenhameu@ucsd.edu	5c4c664a2460489d215ba0c60639e07b9008eb47	5709805563
536	Amii	aiapicoev@thetimes.co.uk	5c4c664a2460489d215ba0c60639e07b9008eb47	8099804787
537	Armando	apeterew@fastcompany.com	5c4c664a2460489d215ba0c60639e07b9008eb47	8096718244
538	Grover	ghollyarex@tmall.com	5c4c664a2460489d215ba0c60639e07b9008eb47	7357477653
539	Den	drawcliffeey@jimdo.com	5c4c664a2460489d215ba0c60639e07b9008eb47	6308682993
540	Weber	wcopingez@woothemes.com	5c4c664a2460489d215ba0c60639e07b9008eb47	6766836300
541	Rosalie	rdeboickf0@bravesites.com	5c4c664a2460489d215ba0c60639e07b9008eb47	6122231033
542	Tybie	tscarlonf1@mit.edu	5c4c664a2460489d215ba0c60639e07b9008eb47	5325419703
543	Kaela	khigginbottamf2@opensource.org	5c4c664a2460489d215ba0c60639e07b9008eb47	3230984191
544	Elle	evaggersf3@columbia.edu	5c4c664a2460489d215ba0c60639e07b9008eb47	1540405819
545	Brina	bcafef4@discovery.com	5c4c664a2460489d215ba0c60639e07b9008eb47	3247621090
546	Wye	wmaxstedf5@house.gov	5c4c664a2460489d215ba0c60639e07b9008eb47	4669814668
547	Billie	bminshallf6@is.gd	5c4c664a2460489d215ba0c60639e07b9008eb47	8125358546
548	Neille	npeacef7@deviantart.com	5c4c664a2460489d215ba0c60639e07b9008eb47	6005307039
549	Nelle	ninnerstonef8@google.com	5c4c664a2460489d215ba0c60639e07b9008eb47	6267248600
550	Judas	jdallimaref9@gmpg.org	5c4c664a2460489d215ba0c60639e07b9008eb47	6317243994
551	Drusy	dsteanyngfa@cnet.com	5c4c664a2460489d215ba0c60639e07b9008eb47	6614180493
552	Benny	bilbertfb@w3.org	5c4c664a2460489d215ba0c60639e07b9008eb47	7810688418
553	Jocelyne	jbossonfc@nytimes.com	5c4c664a2460489d215ba0c60639e07b9008eb47	5446463264
554	Wilt	wlabbfd@comsenz.com	5c4c664a2460489d215ba0c60639e07b9008eb47	6198988174
555	Ammamaria	alesterfe@phpbb.com	5c4c664a2460489d215ba0c60639e07b9008eb47	6522011295
556	Nicolai	ncolleranff@buzzfeed.com	5c4c664a2460489d215ba0c60639e07b9008eb47	5733722563
557	Laney	lsopperfg@posterous.com	5c4c664a2460489d215ba0c60639e07b9008eb47	5662007821
558	Zaccaria	zmccoskerfh@chron.com	5c4c664a2460489d215ba0c60639e07b9008eb47	3999564054
559	Christina	cteapefi@stanford.edu	5c4c664a2460489d215ba0c60639e07b9008eb47	5002232578
560	Elana	eborgnolfj@disqus.com	5c4c664a2460489d215ba0c60639e07b9008eb47	7562675413
561	Eachelle	egoadbyfk@businessinsider.com	5c4c664a2460489d215ba0c60639e07b9008eb47	7665293735
562	George	gbarnettfl@omniture.com	5c4c664a2460489d215ba0c60639e07b9008eb47	3241639180
563	Doris	dcruikshankfm@nymag.com	5c4c664a2460489d215ba0c60639e07b9008eb47	2027805460
564	Malachi	merickssenfn@skype.com	5c4c664a2460489d215ba0c60639e07b9008eb47	8974850181
565	Timi	tselewayfo@army.mil	5c4c664a2460489d215ba0c60639e07b9008eb47	8514517893
566	Delmore	dcosterfp@pen.io	5c4c664a2460489d215ba0c60639e07b9008eb47	6272755272
567	Ervin	evocefq@narod.ru	5c4c664a2460489d215ba0c60639e07b9008eb47	8561558668
568	Angelique	avanweedenburgfr@spiegel.de	5c4c664a2460489d215ba0c60639e07b9008eb47	5039908599
569	Felice	fhanstockfs@wordpress.com	5c4c664a2460489d215ba0c60639e07b9008eb47	6635357141
570	Willyt	wberrft@timesonline.co.uk	5c4c664a2460489d215ba0c60639e07b9008eb47	3931420893
571	Jaquelyn	jpitrassofu@desdev.cn	5c4c664a2460489d215ba0c60639e07b9008eb47	1716239743
572	Star	sreadwinfv@over-blog.com	5c4c664a2460489d215ba0c60639e07b9008eb47	7418003580
573	Lia	lcrippillfw@ucoz.ru	5c4c664a2460489d215ba0c60639e07b9008eb47	7405299080
574	Hernando	harchboldfx@slate.com	5c4c664a2460489d215ba0c60639e07b9008eb47	4860521155
575	Reamonn	rreynafy@artisteer.com	5c4c664a2460489d215ba0c60639e07b9008eb47	1687531728
576	Zaria	zstrobandfz@paypal.com	5c4c664a2460489d215ba0c60639e07b9008eb47	2819042771
577	Coretta	codunneeng0@4shared.com	5c4c664a2460489d215ba0c60639e07b9008eb47	7210583049
578	Eli	elabbeg1@barnesandnoble.com	5c4c664a2460489d215ba0c60639e07b9008eb47	3726963963
579	Sheila-kathryn	smichielg2@sciencedaily.com	5c4c664a2460489d215ba0c60639e07b9008eb47	6391676121
580	Jeth	jboswardg3@simplemachines.org	5c4c664a2460489d215ba0c60639e07b9008eb47	4409848534
581	Delano	dlonglandg4@sphinn.com	5c4c664a2460489d215ba0c60639e07b9008eb47	7918492723
582	Felicdad	fstidworthyg5@istockphoto.com	5c4c664a2460489d215ba0c60639e07b9008eb47	1953723305
583	Wolf	whebborneg6@themeforest.net	5c4c664a2460489d215ba0c60639e07b9008eb47	6569193695
584	Gerome	gbeelg7@deliciousdays.com	5c4c664a2460489d215ba0c60639e07b9008eb47	1750669846
585	Simona	sstiveyg8@tinyurl.com	5c4c664a2460489d215ba0c60639e07b9008eb47	2245074502
586	Akim	areinbechg9@indiegogo.com	5c4c664a2460489d215ba0c60639e07b9008eb47	3607679962
587	Brion	bbanisterga@sciencedaily.com	5c4c664a2460489d215ba0c60639e07b9008eb47	1168858295
588	Tess	tbellefantgb@shinystat.com	5c4c664a2460489d215ba0c60639e07b9008eb47	8107603122
589	Valene	vternegc@hp.com	5c4c664a2460489d215ba0c60639e07b9008eb47	8108730715
590	Grantham	gmettsgd@1und1.de	5c4c664a2460489d215ba0c60639e07b9008eb47	8126099863
591	Harcourt	handrusyakge@cafepress.com	5c4c664a2460489d215ba0c60639e07b9008eb47	5898290595
592	Ryun	rcoulstongf@msu.edu	5c4c664a2460489d215ba0c60639e07b9008eb47	8264249749
593	Harley	hprophetgg@boston.com	5c4c664a2460489d215ba0c60639e07b9008eb47	4951318777
594	Stanleigh	sdedamgh@jalbum.net	5c4c664a2460489d215ba0c60639e07b9008eb47	4801478677
595	Jackqueline	jhubbackgi@bloomberg.com	5c4c664a2460489d215ba0c60639e07b9008eb47	3675803999
596	Zabrina	zstarmontgj@jugem.jp	5c4c664a2460489d215ba0c60639e07b9008eb47	5338185893
597	Hilda	hpynngk@technorati.com	5c4c664a2460489d215ba0c60639e07b9008eb47	1889095675
598	Zonda	zredgravegl@weebly.com	5c4c664a2460489d215ba0c60639e07b9008eb47	6211410997
599	Jere	jaldringm@nsw.gov.au	5c4c664a2460489d215ba0c60639e07b9008eb47	7319903938
600	Angelo	agirkgn@cnn.com	5c4c664a2460489d215ba0c60639e07b9008eb47	4156366664
601	Demeter	dvauxgo@theguardian.com	5c4c664a2460489d215ba0c60639e07b9008eb47	8381204033
602	Persis	pdemschkegp@senate.gov	5c4c664a2460489d215ba0c60639e07b9008eb47	1131669124
603	Carmen	cblundangq@harvard.edu	5c4c664a2460489d215ba0c60639e07b9008eb47	1935415648
604	Noby	nortsgr@noaa.gov	5c4c664a2460489d215ba0c60639e07b9008eb47	5100469986
605	Arlene	amerwoodgs@google.co.jp	5c4c664a2460489d215ba0c60639e07b9008eb47	3195913988
606	Siana	sgoodmangt@census.gov	5c4c664a2460489d215ba0c60639e07b9008eb47	4355121750
607	Brinn	bdreamergu@opera.com	5c4c664a2460489d215ba0c60639e07b9008eb47	5433695654
608	Ivie	ilintsgv@ucla.edu	5c4c664a2460489d215ba0c60639e07b9008eb47	6251627801
609	Germaine	gchamperlengw@parallels.com	5c4c664a2460489d215ba0c60639e07b9008eb47	8795588462
610	Pollyanna	pnicholesgx@barnesandnoble.com	5c4c664a2460489d215ba0c60639e07b9008eb47	4586432462
611	Lanette	ldunmoregy@blogspot.com	5c4c664a2460489d215ba0c60639e07b9008eb47	5525370579
612	Tanney	tzapatergz@odnoklassniki.ru	5c4c664a2460489d215ba0c60639e07b9008eb47	6730425566
613	Karil	kscrivnerh0@walmart.com	5c4c664a2460489d215ba0c60639e07b9008eb47	5220617503
614	Clare	cknighth1@eventbrite.com	5c4c664a2460489d215ba0c60639e07b9008eb47	3264814939
615	Tatiana	tjandlh2@ucsd.edu	5c4c664a2460489d215ba0c60639e07b9008eb47	6604459484
616	Mireielle	mcrummeyh3@yellowbook.com	5c4c664a2460489d215ba0c60639e07b9008eb47	1398572127
617	Had	hferieh4@cbslocal.com	5c4c664a2460489d215ba0c60639e07b9008eb47	6382652814
618	Reynard	rondrusekh5@zimbio.com	5c4c664a2460489d215ba0c60639e07b9008eb47	8171793508
619	Gennifer	gjullh6@sakura.ne.jp	5c4c664a2460489d215ba0c60639e07b9008eb47	2872921342
620	Lita	lgurkoh7@xrea.com	5c4c664a2460489d215ba0c60639e07b9008eb47	2873335833
621	Meyer	mbotlyh8@gravatar.com	5c4c664a2460489d215ba0c60639e07b9008eb47	1277971183
622	Blayne	bsalsburyh9@google.es	5c4c664a2460489d215ba0c60639e07b9008eb47	2263968205
623	Conni	cjanotaha@hibu.com	5c4c664a2460489d215ba0c60639e07b9008eb47	5528503992
624	Tedda	twinchcombhb@altervista.org	5c4c664a2460489d215ba0c60639e07b9008eb47	2923235256
625	Rab	rmathouhc@china.com.cn	5c4c664a2460489d215ba0c60639e07b9008eb47	7510708440
626	Willa	wvicaryhd@sphinn.com	5c4c664a2460489d215ba0c60639e07b9008eb47	4320448189
627	Glynnis	gilyinskihe@lulu.com	5c4c664a2460489d215ba0c60639e07b9008eb47	4319271886
628	Kurtis	kfrewerhf@eventbrite.com	5c4c664a2460489d215ba0c60639e07b9008eb47	2618230044
629	Elysha	eowensonhg@hexun.com	5c4c664a2460489d215ba0c60639e07b9008eb47	3409815068
630	Reece	rmcphatehh@google.fr	5c4c664a2460489d215ba0c60639e07b9008eb47	2908387523
631	Berthe	bbathursthi@uiuc.edu	5c4c664a2460489d215ba0c60639e07b9008eb47	5642479605
632	Cullan	ccornelissenhj@oaic.gov.au	5c4c664a2460489d215ba0c60639e07b9008eb47	5051657666
633	Brenna	blowndsboroughhk@google.ru	5c4c664a2460489d215ba0c60639e07b9008eb47	3673088718
634	Othello	odreyehl@mashable.com	5c4c664a2460489d215ba0c60639e07b9008eb47	7320228908
635	Diannne	dpedlerhm@liveinternet.ru	5c4c664a2460489d215ba0c60639e07b9008eb47	4232933401
636	Willette	wrawleshn@dagondesign.com	5c4c664a2460489d215ba0c60639e07b9008eb47	6627209975
637	Madel	msteinsonho@reverbnation.com	5c4c664a2460489d215ba0c60639e07b9008eb47	5939600185
638	Kassi	kchrstinehp@nba.com	5c4c664a2460489d215ba0c60639e07b9008eb47	3543673591
639	Clayborne	cardenhq@ed.gov	5c4c664a2460489d215ba0c60639e07b9008eb47	5179709100
640	Everard	edegowehr@unicef.org	5c4c664a2460489d215ba0c60639e07b9008eb47	6514275503
641	Tailor	tfrossellhs@ow.ly	5c4c664a2460489d215ba0c60639e07b9008eb47	5362938568
642	Sallie	shebbsht@about.com	5c4c664a2460489d215ba0c60639e07b9008eb47	6511524662
643	Norah	nseyershu@about.com	5c4c664a2460489d215ba0c60639e07b9008eb47	4477718913
644	Rhody	rkohnekehv@unc.edu	5c4c664a2460489d215ba0c60639e07b9008eb47	6345291125
645	Kahlil	kbenjaminhw@usda.gov	5c4c664a2460489d215ba0c60639e07b9008eb47	3258212968
646	Vinson	vcragghx@cyberchimps.com	5c4c664a2460489d215ba0c60639e07b9008eb47	4411112931
647	Adamo	aplumleyhy@indiegogo.com	5c4c664a2460489d215ba0c60639e07b9008eb47	8803226592
648	Ulrikaumeko	udavenhillhz@quantcast.com	5c4c664a2460489d215ba0c60639e07b9008eb47	1597632285
649	Sindee	scounti0@loc.gov	5c4c664a2460489d215ba0c60639e07b9008eb47	4658503430
650	Winnifred	wbrasoni1@csmonitor.com	5c4c664a2460489d215ba0c60639e07b9008eb47	6932640581
651	Ailis	abyngi2@ask.com	5c4c664a2460489d215ba0c60639e07b9008eb47	5151879391
652	Alexei	awhittakeri3@columbia.edu	5c4c664a2460489d215ba0c60639e07b9008eb47	6604040128
653	Teodor	tsykorai4@usatoday.com	5c4c664a2460489d215ba0c60639e07b9008eb47	1434683313
654	Candide	chalbeardi5@tinyurl.com	5c4c664a2460489d215ba0c60639e07b9008eb47	7118038241
655	Herve	hdyhousei6@accuweather.com	5c4c664a2460489d215ba0c60639e07b9008eb47	1033600777
656	Vicki	vrowlandi7@smh.com.au	5c4c664a2460489d215ba0c60639e07b9008eb47	8981847688
657	Wynn	wgilfetheri8@kickstarter.com	5c4c664a2460489d215ba0c60639e07b9008eb47	7092931737
658	Lance	lvestyi9@usda.gov	5c4c664a2460489d215ba0c60639e07b9008eb47	7543555171
659	Elnore	erushburyia@cnet.com	5c4c664a2460489d215ba0c60639e07b9008eb47	1995759687
660	Angelika	adomonkosib@washington.edu	5c4c664a2460489d215ba0c60639e07b9008eb47	8671167972
661	Ann-marie	arosenblattic@theatlantic.com	5c4c664a2460489d215ba0c60639e07b9008eb47	2314725821
662	Fabe	fduellid@spiegel.de	5c4c664a2460489d215ba0c60639e07b9008eb47	8854908841
663	Pablo	pmaidmentie@intel.com	5c4c664a2460489d215ba0c60639e07b9008eb47	1448507548
664	Dotty	dpaginif@flavors.me	5c4c664a2460489d215ba0c60639e07b9008eb47	1654180047
665	Elinor	eleutyig@feedburner.com	5c4c664a2460489d215ba0c60639e07b9008eb47	6732544915
666	Perle	ppeacockih@rambler.ru	5c4c664a2460489d215ba0c60639e07b9008eb47	5478534968
667	Nahum	ntrollopeii@zimbio.com	5c4c664a2460489d215ba0c60639e07b9008eb47	1940125388
668	Samaria	spanonsij@usgs.gov	5c4c664a2460489d215ba0c60639e07b9008eb47	7729380231
669	Alphard	aloveridgeik@marriott.com	5c4c664a2460489d215ba0c60639e07b9008eb47	2609517027
670	Shandy	sliesil@tripadvisor.com	5c4c664a2460489d215ba0c60639e07b9008eb47	5751135126
671	Mignonne	msmoughtonim@webeden.co.uk	5c4c664a2460489d215ba0c60639e07b9008eb47	5618386823
672	Mab	mallcroftin@vistaprint.com	5c4c664a2460489d215ba0c60639e07b9008eb47	3022937420
673	Dyane	dpocklingtonio@mlb.com	5c4c664a2460489d215ba0c60639e07b9008eb47	3674800220
674	Drugi	dredrupip@domainmarket.com	5c4c664a2460489d215ba0c60639e07b9008eb47	1760752985
675	Shurlock	shearseyiq@jalbum.net	5c4c664a2460489d215ba0c60639e07b9008eb47	7338450387
676	Mable	mgerholdir@privacy.gov.au	5c4c664a2460489d215ba0c60639e07b9008eb47	1392368276
677	Valli	vquereeis@ycombinator.com	5c4c664a2460489d215ba0c60639e07b9008eb47	6825808277
678	Verna	vpaxefordit@psu.edu	5c4c664a2460489d215ba0c60639e07b9008eb47	7256363783
679	Chrisse	csaltmarshiu@usa.gov	5c4c664a2460489d215ba0c60639e07b9008eb47	8301181943
680	Clemmy	creasoniv@arstechnica.com	5c4c664a2460489d215ba0c60639e07b9008eb47	3619806177
681	Reynolds	rneathwayiw@tmall.com	5c4c664a2460489d215ba0c60639e07b9008eb47	6957386844
682	Bell	bdeakinsix@earthlink.net	5c4c664a2460489d215ba0c60639e07b9008eb47	7674864362
683	Kelwin	kwhacketiy@hubpages.com	5c4c664a2460489d215ba0c60639e07b9008eb47	3265141939
684	Rina	rmeanyiz@parallels.com	5c4c664a2460489d215ba0c60639e07b9008eb47	7404298887
685	Boycie	bcolliardj0@lulu.com	5c4c664a2460489d215ba0c60639e07b9008eb47	1773235389
686	Inglis	icufleyj1@google.com.br	5c4c664a2460489d215ba0c60639e07b9008eb47	2063441257
687	Toddie	tdupreyj2@imageshack.us	5c4c664a2460489d215ba0c60639e07b9008eb47	4363153941
688	Teador	tbartholinj3@123-reg.co.uk	5c4c664a2460489d215ba0c60639e07b9008eb47	1129880021
689	Howard	hdonavanj4@princeton.edu	5c4c664a2460489d215ba0c60639e07b9008eb47	5679690399
690	Ariadne	awicklingj5@msu.edu	5c4c664a2460489d215ba0c60639e07b9008eb47	5611635722
691	Tabby	thidderleyj6@amazonaws.com	5c4c664a2460489d215ba0c60639e07b9008eb47	3130544833
692	Lula	lpowleyj7@networksolutions.com	5c4c664a2460489d215ba0c60639e07b9008eb47	3950704767
693	Mandi	mwandrackj8@ask.com	5c4c664a2460489d215ba0c60639e07b9008eb47	2569557017
694	Jeannie	jstrangwoodj9@umn.edu	5c4c664a2460489d215ba0c60639e07b9008eb47	1515014068
695	Rosa	rpirkisja@google.cn	5c4c664a2460489d215ba0c60639e07b9008eb47	1300135309
696	Jerrilee	jpowleslandjb@plala.or.jp	5c4c664a2460489d215ba0c60639e07b9008eb47	8955025954
697	Bernardina	bcouplandjc@rambler.ru	5c4c664a2460489d215ba0c60639e07b9008eb47	5757392299
698	Kally	kdeeslyjd@huffingtonpost.com	5c4c664a2460489d215ba0c60639e07b9008eb47	8286904789
699	Shirley	sautrieje@columbia.edu	5c4c664a2460489d215ba0c60639e07b9008eb47	6776427982
700	Barbey	bkloserjf@acquirethisname.com	5c4c664a2460489d215ba0c60639e07b9008eb47	4971645630
701	Joellyn	jtraicejg@ebay.co.uk	5c4c664a2460489d215ba0c60639e07b9008eb47	8889505138
702	Birgitta	bstorriejh@360.cn	5c4c664a2460489d215ba0c60639e07b9008eb47	8975017255
703	Lorettalorna	lscainji@blinklist.com	5c4c664a2460489d215ba0c60639e07b9008eb47	7415194610
704	Lanie	lcaltonjj@drupal.org	5c4c664a2460489d215ba0c60639e07b9008eb47	4143310625
705	Peirce	preihilljk@shop-pro.jp	5c4c664a2460489d215ba0c60639e07b9008eb47	7669259888
706	Jeni	jlaurentinojl@zimbio.com	5c4c664a2460489d215ba0c60639e07b9008eb47	1155911826
707	Myrwyn	mepiscopiojm@cbsnews.com	5c4c664a2460489d215ba0c60639e07b9008eb47	2498778138
708	Tarra	tgostridgejn@fastcompany.com	5c4c664a2460489d215ba0c60639e07b9008eb47	4045519631
709	Meier	mmatteinijo@uol.com.br	5c4c664a2460489d215ba0c60639e07b9008eb47	2093989718
710	Annalise	agrimsdelljp@nydailynews.com	5c4c664a2460489d215ba0c60639e07b9008eb47	1049797030
711	Laurene	lgeggiejq@csmonitor.com	5c4c664a2460489d215ba0c60639e07b9008eb47	3693010627
712	Hillery	hbeelbyjr@github.com	5c4c664a2460489d215ba0c60639e07b9008eb47	8453636255
713	Marla	mashplantjs@ask.com	5c4c664a2460489d215ba0c60639e07b9008eb47	8911191493
714	Farand	felfleetjt@canalblog.com	5c4c664a2460489d215ba0c60639e07b9008eb47	5136415150
715	Halsy	hrossinju@com.com	5c4c664a2460489d215ba0c60639e07b9008eb47	2081433067
716	Ruthie	relandjv@discuz.net	5c4c664a2460489d215ba0c60639e07b9008eb47	8810104151
717	Anabella	afairheadjw@stumbleupon.com	5c4c664a2460489d215ba0c60639e07b9008eb47	7551021969
718	Norman	ncameratijx@google.ru	5c4c664a2460489d215ba0c60639e07b9008eb47	7045236417
719	Ginnifer	gjachtymjy@webeden.co.uk	5c4c664a2460489d215ba0c60639e07b9008eb47	1738293680
720	Roana	rfullerjz@paypal.com	5c4c664a2460489d215ba0c60639e07b9008eb47	6753946850
721	Betsy	bmoylerk0@hibu.com	5c4c664a2460489d215ba0c60639e07b9008eb47	4121830613
722	Timmie	tlafeek1@google.com.au	5c4c664a2460489d215ba0c60639e07b9008eb47	6466671018
723	Ethelda	evannik2@gmpg.org	5c4c664a2460489d215ba0c60639e07b9008eb47	7514880812
724	Garfield	gwarkk3@usa.gov	5c4c664a2460489d215ba0c60639e07b9008eb47	7641851839
725	Julieta	jelphk4@phpbb.com	5c4c664a2460489d215ba0c60639e07b9008eb47	1489606764
726	Mabelle	mstillgoek5@nature.com	5c4c664a2460489d215ba0c60639e07b9008eb47	2083703356
727	Joete	jcafek6@reverbnation.com	5c4c664a2460489d215ba0c60639e07b9008eb47	3467789570
728	Walton	wmccarterk7@google.de	5c4c664a2460489d215ba0c60639e07b9008eb47	2276519366
729	Sheffield	squinnettek8@google.ca	5c4c664a2460489d215ba0c60639e07b9008eb47	5021528082
730	Marketa	mberardtk9@forbes.com	5c4c664a2460489d215ba0c60639e07b9008eb47	3638280404
731	Thomasine	tboeckeka@alibaba.com	5c4c664a2460489d215ba0c60639e07b9008eb47	1143097670
732	Eduardo	enolikb@princeton.edu	5c4c664a2460489d215ba0c60639e07b9008eb47	3334559293
733	Arlen	aolechkc@yellowpages.com	5c4c664a2460489d215ba0c60639e07b9008eb47	6700719311
734	Elwood	eskirvingkd@mediafire.com	5c4c664a2460489d215ba0c60639e07b9008eb47	4588505095
735	Penelopa	pdriscollke@cmu.edu	5c4c664a2460489d215ba0c60639e07b9008eb47	3332580058
736	Poul	phowsegokf@miitbeian.gov.cn	5c4c664a2460489d215ba0c60639e07b9008eb47	2991279184
737	Ilsa	idivinykg@aol.com	5c4c664a2460489d215ba0c60639e07b9008eb47	5731575797
738	Giffer	gaddamskh@cornell.edu	5c4c664a2460489d215ba0c60639e07b9008eb47	1539942069
739	Barby	balvenki@usa.gov	5c4c664a2460489d215ba0c60639e07b9008eb47	4332781951
740	Lancelot	lgoldmankj@admin.ch	5c4c664a2460489d215ba0c60639e07b9008eb47	4142331323
741	Claudie	cstanlikekk@sphinn.com	5c4c664a2460489d215ba0c60639e07b9008eb47	7509391733
742	Brendan	bbrownjohnkl@netlog.com	5c4c664a2460489d215ba0c60639e07b9008eb47	4513976468
743	Beverie	bpetyaninkm@1688.com	5c4c664a2460489d215ba0c60639e07b9008eb47	5104941411
744	James	jnorreekn@digg.com	5c4c664a2460489d215ba0c60639e07b9008eb47	1023078032
745	Emmalynn	ebrugmannko@constantcontact.com	5c4c664a2460489d215ba0c60639e07b9008eb47	8651635012
746	Jeane	jrownkp@tripadvisor.com	5c4c664a2460489d215ba0c60639e07b9008eb47	6024461108
747	Pip	pvasilovkq@harvard.edu	5c4c664a2460489d215ba0c60639e07b9008eb47	5875678243
748	Marita	mjenkkr@creativecommons.org	5c4c664a2460489d215ba0c60639e07b9008eb47	2031943044
749	Stella	smcilriachks@thetimes.co.uk	5c4c664a2460489d215ba0c60639e07b9008eb47	4001532330
750	Lew	lmaleckt@studiopress.com	5c4c664a2460489d215ba0c60639e07b9008eb47	2983447165
751	Marchelle	mkiggelku@google.com	5c4c664a2460489d215ba0c60639e07b9008eb47	1289733029
752	Grady	gferruccikv@nih.gov	5c4c664a2460489d215ba0c60639e07b9008eb47	5095097112
753	Carl	cstidsonkw@purevolume.com	5c4c664a2460489d215ba0c60639e07b9008eb47	8274176761
754	Juliann	jstokeskx@opera.com	5c4c664a2460489d215ba0c60639e07b9008eb47	8031527672
755	Louisette	lmacgruerky@bloglovin.com	5c4c664a2460489d215ba0c60639e07b9008eb47	7661275523
756	Dan	dlargankz@eventbrite.com	5c4c664a2460489d215ba0c60639e07b9008eb47	6860461839
757	Trent	tgohnl0@prlog.org	5c4c664a2460489d215ba0c60639e07b9008eb47	4868026650
758	Benny	bfluckerl1@tinypic.com	5c4c664a2460489d215ba0c60639e07b9008eb47	1024856343
759	Lorena	lvasyunichevl2@umn.edu	5c4c664a2460489d215ba0c60639e07b9008eb47	8431601018
760	Oby	oevreuxl3@goo.ne.jp	5c4c664a2460489d215ba0c60639e07b9008eb47	8147356197
761	Gottfried	gricciol4@wufoo.com	5c4c664a2460489d215ba0c60639e07b9008eb47	1338944827
762	Gavra	gkeynesl5@fda.gov	5c4c664a2460489d215ba0c60639e07b9008eb47	3800973548
763	Alard	ahinchshawl6@domainmarket.com	5c4c664a2460489d215ba0c60639e07b9008eb47	1622611595
764	Inger	ielldredl7@arizona.edu	5c4c664a2460489d215ba0c60639e07b9008eb47	8660266684
765	Celestia	cgrevillel8@ovh.net	5c4c664a2460489d215ba0c60639e07b9008eb47	1851719631
766	Pascale	pmalafel9@cafepress.com	5c4c664a2460489d215ba0c60639e07b9008eb47	2456570611
767	Armstrong	amacgaugheyla@epa.gov	5c4c664a2460489d215ba0c60639e07b9008eb47	1772132750
768	Joella	jkinchlealb@bigcartel.com	5c4c664a2460489d215ba0c60639e07b9008eb47	4870417480
769	Randi	rglazzardlc@umich.edu	5c4c664a2460489d215ba0c60639e07b9008eb47	5271771825
770	Chad	cduckerinld@woothemes.com	5c4c664a2460489d215ba0c60639e07b9008eb47	4016534957
771	Sallee	sleekele@phpbb.com	5c4c664a2460489d215ba0c60639e07b9008eb47	8553887351
772	Jaine	jbearwardlf@ifeng.com	5c4c664a2460489d215ba0c60639e07b9008eb47	3510422727
773	Bobbe	bscanlinlg@blogtalkradio.com	5c4c664a2460489d215ba0c60639e07b9008eb47	4574185055
774	Templeton	tdumphreylh@state.tx.us	5c4c664a2460489d215ba0c60639e07b9008eb47	1307410850
775	Norine	nconlaundli@shareasale.com	5c4c664a2460489d215ba0c60639e07b9008eb47	3712542423
776	Darlene	dreederslj@ihg.com	5c4c664a2460489d215ba0c60639e07b9008eb47	4960016373
777	Wait	wtiffinlk@va.gov	5c4c664a2460489d215ba0c60639e07b9008eb47	7247568789
778	Dixie	dearsmanll@irs.gov	5c4c664a2460489d215ba0c60639e07b9008eb47	6283307213
779	Ilario	imurtylm@hibu.com	5c4c664a2460489d215ba0c60639e07b9008eb47	2017027718
780	Keriann	kcaponln@wordpress.org	5c4c664a2460489d215ba0c60639e07b9008eb47	7874836624
781	Stacey	shalgarthlo@t.co	5c4c664a2460489d215ba0c60639e07b9008eb47	6277383683
782	Tamas	tannandlp@engadget.com	5c4c664a2460489d215ba0c60639e07b9008eb47	5621683985
783	Anderson	afolinilq@goodreads.com	5c4c664a2460489d215ba0c60639e07b9008eb47	2620259078
784	Katya	kohaganlr@amazon.co.jp	5c4c664a2460489d215ba0c60639e07b9008eb47	8869728548
785	Calypso	clubertils@mapy.cz	5c4c664a2460489d215ba0c60639e07b9008eb47	8497860341
786	Aldrich	amyottlt@noaa.gov	5c4c664a2460489d215ba0c60639e07b9008eb47	5108418416
787	Eddie	eweatherheadlu@mlb.com	5c4c664a2460489d215ba0c60639e07b9008eb47	2169670165
788	Charlton	cbarbylv@businessweek.com	5c4c664a2460489d215ba0c60639e07b9008eb47	2687769285
789	Collette	cbarendslw@telegraph.co.uk	5c4c664a2460489d215ba0c60639e07b9008eb47	2406819077
790	Marv	mallberrylx@google.com.hk	5c4c664a2460489d215ba0c60639e07b9008eb47	5010005215
791	Aretha	apilsburyly@mail.ru	5c4c664a2460489d215ba0c60639e07b9008eb47	2819344935
792	Orly	ocicchillolz@eepurl.com	5c4c664a2460489d215ba0c60639e07b9008eb47	4629992563
793	Rayna	romonahanm0@huffingtonpost.com	5c4c664a2460489d215ba0c60639e07b9008eb47	5639266714
794	Grata	gbadenm1@sohu.com	5c4c664a2460489d215ba0c60639e07b9008eb47	8527660560
795	Addi	alowrem2@elegantthemes.com	5c4c664a2460489d215ba0c60639e07b9008eb47	6655134128
796	Mel	mdrinkeldm3@feedburner.com	5c4c664a2460489d215ba0c60639e07b9008eb47	2954397380
797	Sybille	sknellerm4@comsenz.com	5c4c664a2460489d215ba0c60639e07b9008eb47	3452422785
798	Suzann	sdeggm5@blog.com	5c4c664a2460489d215ba0c60639e07b9008eb47	6826506265
799	Jacky	jbennedickm6@pbs.org	5c4c664a2460489d215ba0c60639e07b9008eb47	1102663204
800	Fielding	fmoattm7@japanpost.jp	5c4c664a2460489d215ba0c60639e07b9008eb47	4373487982
801	Hamel	hrazzellm8@disqus.com	5c4c664a2460489d215ba0c60639e07b9008eb47	7345466006
802	Marcia	mtwizellm9@wordpress.com	5c4c664a2460489d215ba0c60639e07b9008eb47	4162929517
803	Mendy	mbigriggma@usnews.com	5c4c664a2460489d215ba0c60639e07b9008eb47	1189839002
804	Marlon	mchrispinmb@sakura.ne.jp	5c4c664a2460489d215ba0c60639e07b9008eb47	8020046262
805	Brannon	bamangermc@tripod.com	5c4c664a2460489d215ba0c60639e07b9008eb47	8724243803
806	Maxy	mloinesmd@wikipedia.org	5c4c664a2460489d215ba0c60639e07b9008eb47	1237421341
807	Damian	dbrosinime@wikia.com	5c4c664a2460489d215ba0c60639e07b9008eb47	8405007235
808	Yolanthe	yklinermf@sakura.ne.jp	5c4c664a2460489d215ba0c60639e07b9008eb47	3256657769
809	Shela	sdavenallmg@amazon.de	5c4c664a2460489d215ba0c60639e07b9008eb47	2445474210
810	Hymie	hcarriagemh@smh.com.au	5c4c664a2460489d215ba0c60639e07b9008eb47	3016442075
811	Misty	mdrowsfieldmi@icq.com	5c4c664a2460489d215ba0c60639e07b9008eb47	3635018176
812	Clea	ccoggellmj@reference.com	5c4c664a2460489d215ba0c60639e07b9008eb47	4299957640
813	Carmen	ccrouchermk@columbia.edu	5c4c664a2460489d215ba0c60639e07b9008eb47	6628333703
814	Marjie	mveareml@yolasite.com	5c4c664a2460489d215ba0c60639e07b9008eb47	3527674530
815	Herbert	hsimeonovmm@comcast.net	5c4c664a2460489d215ba0c60639e07b9008eb47	4247911157
816	Leslie	lguillfordmn@deliciousdays.com	5c4c664a2460489d215ba0c60639e07b9008eb47	8740167405
817	Maribelle	mlyalmo@senate.gov	5c4c664a2460489d215ba0c60639e07b9008eb47	5591859462
818	Curt	cbossemp@dell.com	5c4c664a2460489d215ba0c60639e07b9008eb47	2900611267
819	Kamillah	kniesemq@google.com.au	5c4c664a2460489d215ba0c60639e07b9008eb47	6972250096
820	Elisa	egonnetmr@mac.com	5c4c664a2460489d215ba0c60639e07b9008eb47	5212485041
821	Dody	ddevaneyms@apple.com	5c4c664a2460489d215ba0c60639e07b9008eb47	8047411014
822	Evey	eramasmt@epa.gov	5c4c664a2460489d215ba0c60639e07b9008eb47	4033191934
823	Beverlee	bshaymu@soup.io	5c4c664a2460489d215ba0c60639e07b9008eb47	1972817179
824	Chelsae	cvazquezmv@ibm.com	5c4c664a2460489d215ba0c60639e07b9008eb47	3516740156
825	Galvan	gmaasmw@oakley.com	5c4c664a2460489d215ba0c60639e07b9008eb47	4455483569
826	Jodee	jchinnmx@umich.edu	5c4c664a2460489d215ba0c60639e07b9008eb47	6233958096
827	Con	cgreenmanmy@altervista.org	5c4c664a2460489d215ba0c60639e07b9008eb47	4994611043
828	Valentijn	vmccolleymz@mac.com	5c4c664a2460489d215ba0c60639e07b9008eb47	2071145351
829	Taddeusz	tspiniellon0@ucla.edu	5c4c664a2460489d215ba0c60639e07b9008eb47	2152935616
830	Fransisco	fhounsomn1@oracle.com	5c4c664a2460489d215ba0c60639e07b9008eb47	3737215375
831	Jephthah	jsheringhamn2@exblog.jp	5c4c664a2460489d215ba0c60639e07b9008eb47	4773123189
832	Leroi	lsilvern3@lulu.com	5c4c664a2460489d215ba0c60639e07b9008eb47	7280362219
833	Haley	hjestyn4@icio.us	5c4c664a2460489d215ba0c60639e07b9008eb47	3150288889
834	Swen	sledgewayn5@jimdo.com	5c4c664a2460489d215ba0c60639e07b9008eb47	5961796362
835	Jo-anne	jwolveyn6@sogou.com	5c4c664a2460489d215ba0c60639e07b9008eb47	7648545034
836	Pansy	pseveryn7@fotki.com	5c4c664a2460489d215ba0c60639e07b9008eb47	8122421436
837	Duane	dferraresin8@scribd.com	5c4c664a2460489d215ba0c60639e07b9008eb47	1818029913
838	Tate	trosbottomn9@cmu.edu	5c4c664a2460489d215ba0c60639e07b9008eb47	2965894182
839	Arvy	adowdallna@dedecms.com	5c4c664a2460489d215ba0c60639e07b9008eb47	1422393981
840	Rania	rreevesnb@csmonitor.com	5c4c664a2460489d215ba0c60639e07b9008eb47	4506089042
841	Wash	wsiggenc@storify.com	5c4c664a2460489d215ba0c60639e07b9008eb47	3487950395
842	Skipton	swrightemnd@ask.com	5c4c664a2460489d215ba0c60639e07b9008eb47	4466164688
843	Katha	kseaversne@technorati.com	5c4c664a2460489d215ba0c60639e07b9008eb47	8073943077
844	Janith	jswindonnf@netvibes.com	5c4c664a2460489d215ba0c60639e07b9008eb47	7913253217
845	Goldina	gfennersng@un.org	5c4c664a2460489d215ba0c60639e07b9008eb47	7762535152
846	Moira	mbrickhillnh@usda.gov	5c4c664a2460489d215ba0c60639e07b9008eb47	8362576229
847	Britteny	btissellni@w3.org	5c4c664a2460489d215ba0c60639e07b9008eb47	5950960851
848	Haskel	hmagwoodnj@delicious.com	5c4c664a2460489d215ba0c60639e07b9008eb47	1713304814
849	Tersina	tmoritnk@answers.com	5c4c664a2460489d215ba0c60639e07b9008eb47	8287786329
850	Barbabra	bgasperinl@ameblo.jp	5c4c664a2460489d215ba0c60639e07b9008eb47	1969496944
851	Tracey	tdombrellnm@ezinearticles.com	5c4c664a2460489d215ba0c60639e07b9008eb47	5726744970
852	Napoleon	narnoppnn@acquirethisname.com	5c4c664a2460489d215ba0c60639e07b9008eb47	3781632199
853	William	wstreetonno@buzzfeed.com	5c4c664a2460489d215ba0c60639e07b9008eb47	6982470007
854	Emanuel	eswainsnp@ocn.ne.jp	5c4c664a2460489d215ba0c60639e07b9008eb47	7397278197
855	Idalina	ibridsonnq@webnode.com	5c4c664a2460489d215ba0c60639e07b9008eb47	7817886908
856	Ingamar	ilegerwoodnr@umn.edu	5c4c664a2460489d215ba0c60639e07b9008eb47	5880567934
857	Cati	cwhittonns@digg.com	5c4c664a2460489d215ba0c60639e07b9008eb47	1923087100
858	Clarance	ctorransnt@sina.com.cn	5c4c664a2460489d215ba0c60639e07b9008eb47	5414864988
859	Karoly	kmaccurtainnu@tiny.cc	5c4c664a2460489d215ba0c60639e07b9008eb47	7805772618
860	Phillip	pfoadnv@google.com	5c4c664a2460489d215ba0c60639e07b9008eb47	1672957769
861	Johnna	jdeavesnw@nps.gov	5c4c664a2460489d215ba0c60639e07b9008eb47	3952922469
862	Jeramie	jharlownx@hao123.com	5c4c664a2460489d215ba0c60639e07b9008eb47	7602446114
863	Aldin	ahallfordny@reference.com	5c4c664a2460489d215ba0c60639e07b9008eb47	3198451391
864	Milli	mbewsheanz@zdnet.com	5c4c664a2460489d215ba0c60639e07b9008eb47	7320411248
865	Chryste	cvamplerso0@globo.com	5c4c664a2460489d215ba0c60639e07b9008eb47	2531230272
866	Fernando	fwagero1@goo.gl	5c4c664a2460489d215ba0c60639e07b9008eb47	2525729808
867	Ericha	epridhamo2@furl.net	5c4c664a2460489d215ba0c60639e07b9008eb47	2477640510
868	Aime	aguerreiroo3@godaddy.com	5c4c664a2460489d215ba0c60639e07b9008eb47	3211557566
869	Edna	eliversleyo4@istockphoto.com	5c4c664a2460489d215ba0c60639e07b9008eb47	4401580995
870	Brear	bebio5@etsy.com	5c4c664a2460489d215ba0c60639e07b9008eb47	4352493594
871	Merna	mlangridgeo6@trellian.com	5c4c664a2460489d215ba0c60639e07b9008eb47	6452841392
872	Rea	rmayceyo7@google.nl	5c4c664a2460489d215ba0c60639e07b9008eb47	1830782996
873	Dionysus	dvonoertzeno8@facebook.com	5c4c664a2460489d215ba0c60639e07b9008eb47	2744167898
874	Anstice	abloseo9@eepurl.com	5c4c664a2460489d215ba0c60639e07b9008eb47	5653527055
875	Lorry	lserridgeoa@t.co	5c4c664a2460489d215ba0c60639e07b9008eb47	5700161489
876	Hayes	hcicchinelliob@dagondesign.com	5c4c664a2460489d215ba0c60639e07b9008eb47	5659567760
877	Fina	fcheverelloc@arizona.edu	5c4c664a2460489d215ba0c60639e07b9008eb47	3597178780
878	Alfie	ameriguetod@clickbank.net	5c4c664a2460489d215ba0c60639e07b9008eb47	8915484231
879	Quintina	qpaolonioe@cocolog-nifty.com	5c4c664a2460489d215ba0c60639e07b9008eb47	4314108379
880	Britte	briglesfordof@walmart.com	5c4c664a2460489d215ba0c60639e07b9008eb47	6149542610
881	Rita	rshakleog@bing.com	5c4c664a2460489d215ba0c60639e07b9008eb47	2314751729
882	Glyn	gowensonoh@indiegogo.com	5c4c664a2460489d215ba0c60639e07b9008eb47	3307070025
883	Brandise	bpasqualeoi@mapy.cz	5c4c664a2460489d215ba0c60639e07b9008eb47	1225881987
884	Theo	telixoj@eventbrite.com	5c4c664a2460489d215ba0c60639e07b9008eb47	4051130407
885	Nadia	nchapeok@woothemes.com	5c4c664a2460489d215ba0c60639e07b9008eb47	4279079723
886	Blakelee	blangleyol@miibeian.gov.cn	5c4c664a2460489d215ba0c60639e07b9008eb47	7435650504
887	Linzy	losmundom@globo.com	5c4c664a2460489d215ba0c60639e07b9008eb47	8674616821
888	Ileane	isteanon@narod.ru	5c4c664a2460489d215ba0c60639e07b9008eb47	8534170915
889	Lucille	lelvyoo@netvibes.com	5c4c664a2460489d215ba0c60639e07b9008eb47	2550186230
890	Danella	dtwinbourneop@cargocollective.com	5c4c664a2460489d215ba0c60639e07b9008eb47	2628095259
891	Raimondo	rsunteroq@marketwatch.com	5c4c664a2460489d215ba0c60639e07b9008eb47	3950910785
892	Lynea	lpurbrickor@adobe.com	5c4c664a2460489d215ba0c60639e07b9008eb47	3910506875
893	Gawain	gfilbyos@google.es	5c4c664a2460489d215ba0c60639e07b9008eb47	4505232839
894	Florence	fbousteadot@comsenz.com	5c4c664a2460489d215ba0c60639e07b9008eb47	5823284837
895	Deloria	dbarsonou@networksolutions.com	5c4c664a2460489d215ba0c60639e07b9008eb47	8824989525
896	Nico	nrotgeov@tumblr.com	5c4c664a2460489d215ba0c60639e07b9008eb47	2036039346
897	Jimmy	jkennanow@umn.edu	5c4c664a2460489d215ba0c60639e07b9008eb47	1831637922
898	Christie	cdreelanox@myspace.com	5c4c664a2460489d215ba0c60639e07b9008eb47	2685011028
899	Robby	rlawleyoy@51.la	5c4c664a2460489d215ba0c60639e07b9008eb47	2081439115
900	Dorette	dbondesenoz@1688.com	5c4c664a2460489d215ba0c60639e07b9008eb47	4761700225
901	Kandy	kwinchurchp0@artisteer.com	5c4c664a2460489d215ba0c60639e07b9008eb47	6045690930
902	Abelard	apetrip1@is.gd	5c4c664a2460489d215ba0c60639e07b9008eb47	5494041539
903	Savina	smckeep2@mac.com	5c4c664a2460489d215ba0c60639e07b9008eb47	5044336172
904	Neall	nparrotp3@prlog.org	5c4c664a2460489d215ba0c60639e07b9008eb47	2755937316
905	Lauralee	llakerp4@joomla.org	5c4c664a2460489d215ba0c60639e07b9008eb47	4446728493
906	Ginevra	gcommuccip5@xinhuanet.com	5c4c664a2460489d215ba0c60639e07b9008eb47	1986495768
907	Josephine	joronanp6@addthis.com	5c4c664a2460489d215ba0c60639e07b9008eb47	4641645238
908	Wolf	wsquibbp7@pinterest.com	5c4c664a2460489d215ba0c60639e07b9008eb47	1809168243
909	Hewet	hferdinandp8@nymag.com	5c4c664a2460489d215ba0c60639e07b9008eb47	4743714768
910	Dorita	dsharplingp9@123-reg.co.uk	5c4c664a2460489d215ba0c60639e07b9008eb47	8721064132
911	Agatha	awannanpa@typepad.com	5c4c664a2460489d215ba0c60639e07b9008eb47	2737324321
912	Araldo	aecclestonpb@google.co.uk	5c4c664a2460489d215ba0c60639e07b9008eb47	8352896083
913	Therese	tnevillpc@diigo.com	5c4c664a2460489d215ba0c60639e07b9008eb47	1614463328
914	Xylina	xbispopd@oaic.gov.au	5c4c664a2460489d215ba0c60639e07b9008eb47	3512347975
915	Jerome	jnewboldpe@yellowpages.com	5c4c664a2460489d215ba0c60639e07b9008eb47	1670329012
916	Auberta	abartolomieupf@forbes.com	5c4c664a2460489d215ba0c60639e07b9008eb47	2436015904
917	Bevon	bcasementpg@oracle.com	5c4c664a2460489d215ba0c60639e07b9008eb47	6384564706
918	Mark	mjerzykph@4shared.com	5c4c664a2460489d215ba0c60639e07b9008eb47	2367786616
919	Penelope	pmatfinpi@psu.edu	5c4c664a2460489d215ba0c60639e07b9008eb47	6320569997
920	Rayner	rjuschkepj@craigslist.org	5c4c664a2460489d215ba0c60639e07b9008eb47	3985135926
921	Heidie	hfelthampk@npr.org	5c4c664a2460489d215ba0c60639e07b9008eb47	8317222560
922	Shoshanna	scarterpl@scribd.com	5c4c664a2460489d215ba0c60639e07b9008eb47	4719173496
923	Myrle	mcoldtartpm@about.com	5c4c664a2460489d215ba0c60639e07b9008eb47	8990964735
924	Ximenes	xdyshartpn@epa.gov	5c4c664a2460489d215ba0c60639e07b9008eb47	8967857725
925	Carter	cglederpo@imageshack.us	5c4c664a2460489d215ba0c60639e07b9008eb47	2316794724
926	Elijah	ejoiscepp@fc2.com	5c4c664a2460489d215ba0c60639e07b9008eb47	6149257445
927	Nellie	ndelucepq@phoca.cz	5c4c664a2460489d215ba0c60639e07b9008eb47	2915899200
928	Talbot	tsmythpr@eventbrite.com	5c4c664a2460489d215ba0c60639e07b9008eb47	7926187239
929	Feodora	fenstenps@vk.com	5c4c664a2460489d215ba0c60639e07b9008eb47	2209126512
930	Cozmo	cmcgrahpt@simplemachines.org	5c4c664a2460489d215ba0c60639e07b9008eb47	3753438800
931	Teri	tmatyatinpu@technorati.com	5c4c664a2460489d215ba0c60639e07b9008eb47	1327221813
932	Irwinn	ilydiatepv@biblegateway.com	5c4c664a2460489d215ba0c60639e07b9008eb47	6749587880
933	Charla	cfallowespw@stanford.edu	5c4c664a2460489d215ba0c60639e07b9008eb47	2975918975
934	Dillie	dheyspx@blog.com	5c4c664a2460489d215ba0c60639e07b9008eb47	3961782672
935	Edik	eyatemanpy@wired.com	5c4c664a2460489d215ba0c60639e07b9008eb47	4365060183
936	Wylma	wkobespz@photobucket.com	5c4c664a2460489d215ba0c60639e07b9008eb47	5960536761
937	Barrie	bnajafianq0@sciencedaily.com	5c4c664a2460489d215ba0c60639e07b9008eb47	4472487712
938	Irwinn	imcphelimyq1@barnesandnoble.com	5c4c664a2460489d215ba0c60639e07b9008eb47	3975183035
939	Ardisj	awhykeq2@trellian.com	5c4c664a2460489d215ba0c60639e07b9008eb47	1603721370
940	Sigvard	shuxtableq3@pcworld.com	5c4c664a2460489d215ba0c60639e07b9008eb47	1856046741
941	Brianna	bivanovq4@slashdot.org	5c4c664a2460489d215ba0c60639e07b9008eb47	1190591180
942	Rawley	rmaundrellq5@oracle.com	5c4c664a2460489d215ba0c60639e07b9008eb47	6926125270
943	Iorgos	iburgumq6@imgur.com	5c4c664a2460489d215ba0c60639e07b9008eb47	8730930775
944	Giavani	gblakewayq7@opera.com	5c4c664a2460489d215ba0c60639e07b9008eb47	3868009328
945	Beauregard	bmeleskq8@tamu.edu	5c4c664a2460489d215ba0c60639e07b9008eb47	1862537369
946	Jozef	jlanfearq9@bbb.org	5c4c664a2460489d215ba0c60639e07b9008eb47	4803027455
947	Miguela	mspurdensqa@cisco.com	5c4c664a2460489d215ba0c60639e07b9008eb47	8905293852
948	Freeman	fmceniryqb@phpbb.com	5c4c664a2460489d215ba0c60639e07b9008eb47	7359264702
949	Debor	dstitfallqc@nps.gov	5c4c664a2460489d215ba0c60639e07b9008eb47	1671026525
950	Boycie	bsawyersqd@a8.net	5c4c664a2460489d215ba0c60639e07b9008eb47	5923923215
951	Rochester	rdawkesqe@skyrock.com	5c4c664a2460489d215ba0c60639e07b9008eb47	7087425335
952	Sisile	sclemintoniqf@squidoo.com	5c4c664a2460489d215ba0c60639e07b9008eb47	4756107309
953	Fenelia	fmckeanqg@tumblr.com	5c4c664a2460489d215ba0c60639e07b9008eb47	8144464501
954	Randene	rgricewoodqh@imgur.com	5c4c664a2460489d215ba0c60639e07b9008eb47	4629084139
955	Lavinie	lcorpsqi@arstechnica.com	5c4c664a2460489d215ba0c60639e07b9008eb47	7129844359
956	Coletta	cbthamqj@merriam-webster.com	5c4c664a2460489d215ba0c60639e07b9008eb47	1155869550
957	Mimi	mguerrazziqk@miitbeian.gov.cn	5c4c664a2460489d215ba0c60639e07b9008eb47	3984381178
958	Deina	dwhyborneql@cbc.ca	5c4c664a2460489d215ba0c60639e07b9008eb47	2918880921
959	Wallis	whindenbergerqm@bizjournals.com	5c4c664a2460489d215ba0c60639e07b9008eb47	2131355677
960	Aland	amandersonqn@google.es	5c4c664a2460489d215ba0c60639e07b9008eb47	4104978700
961	Nadiya	ngreenhallqo@bloglines.com	5c4c664a2460489d215ba0c60639e07b9008eb47	8270954496
962	Michelina	mbrumqp@wsj.com	5c4c664a2460489d215ba0c60639e07b9008eb47	8380643178
963	Guinna	gmatzkeqq@europa.eu	5c4c664a2460489d215ba0c60639e07b9008eb47	7913294575
964	Blake	bsalmondqr@vistaprint.com	5c4c664a2460489d215ba0c60639e07b9008eb47	6746633535
965	Sasha	sbordessaqs@patch.com	5c4c664a2460489d215ba0c60639e07b9008eb47	2843638973
966	Mose	mbowhayqt@sogou.com	5c4c664a2460489d215ba0c60639e07b9008eb47	7658970488
967	Sadella	sbuffqu@cmu.edu	5c4c664a2460489d215ba0c60639e07b9008eb47	5678510494
968	Brooke	bgilbartqv@miibeian.gov.cn	5c4c664a2460489d215ba0c60639e07b9008eb47	1420952754
969	Tiler	tgirathsqw@opensource.org	5c4c664a2460489d215ba0c60639e07b9008eb47	8681485278
970	Laurice	lprettyjohnqx@hatena.ne.jp	5c4c664a2460489d215ba0c60639e07b9008eb47	2665414250
971	Adelaida	agreedyerqy@wufoo.com	5c4c664a2460489d215ba0c60639e07b9008eb47	2782608432
972	Waldemar	wsporesqz@jugem.jp	5c4c664a2460489d215ba0c60639e07b9008eb47	1193667560
973	Merry	melacoater0@imdb.com	5c4c664a2460489d215ba0c60639e07b9008eb47	4898645502
974	Nataline	nscinir1@icq.com	5c4c664a2460489d215ba0c60639e07b9008eb47	1030332777
975	Ebonee	ebeglinr2@t.co	5c4c664a2460489d215ba0c60639e07b9008eb47	2471467542
976	Jennica	jrheaumer3@abc.net.au	5c4c664a2460489d215ba0c60639e07b9008eb47	5550256516
977	Minda	mchomiszewskir4@tuttocitta.it	5c4c664a2460489d215ba0c60639e07b9008eb47	3205801769
978	Alfie	aastier5@answers.com	5c4c664a2460489d215ba0c60639e07b9008eb47	4714218317
979	Merrel	mwhaleyr6@trellian.com	5c4c664a2460489d215ba0c60639e07b9008eb47	3661840086
980	Patricia	pbrittlesr7@latimes.com	5c4c664a2460489d215ba0c60639e07b9008eb47	8002729964
981	Bill	bmannar8@adobe.com	5c4c664a2460489d215ba0c60639e07b9008eb47	3641035099
982	Ferguson	fenterler9@tinypic.com	5c4c664a2460489d215ba0c60639e07b9008eb47	1107795114
983	Kirbee	kheymannra@prnewswire.com	5c4c664a2460489d215ba0c60639e07b9008eb47	8136917534
984	Odessa	owildashrb@merriam-webster.com	5c4c664a2460489d215ba0c60639e07b9008eb47	1272636678
985	Nollie	nchoudhuryrc@dion.ne.jp	5c4c664a2460489d215ba0c60639e07b9008eb47	1941311931
986	Lenci	lmintoftrd@privacy.gov.au	5c4c664a2460489d215ba0c60639e07b9008eb47	7905380458
987	Mycah	mdraiseyre@bbc.co.uk	5c4c664a2460489d215ba0c60639e07b9008eb47	1950190969
988	Letizia	llayusrf@multiply.com	5c4c664a2460489d215ba0c60639e07b9008eb47	4099631922
989	Serena	sforsaithrg@home.pl	5c4c664a2460489d215ba0c60639e07b9008eb47	2449416589
990	Rubi	rkerrichrh@nbcnews.com	5c4c664a2460489d215ba0c60639e07b9008eb47	7061453606
991	Billye	btapperri@is.gd	5c4c664a2460489d215ba0c60639e07b9008eb47	4987314266
992	Ev	emconierj@zimbio.com	5c4c664a2460489d215ba0c60639e07b9008eb47	6437147184
993	Octavius	ochismonrk@amazon.com	5c4c664a2460489d215ba0c60639e07b9008eb47	1304722621
994	Cathryn	cniaverl@privacy.gov.au	5c4c664a2460489d215ba0c60639e07b9008eb47	8503393794
995	Giralda	gizattrm@dyndns.org	5c4c664a2460489d215ba0c60639e07b9008eb47	1494540333
996	Cinderella	csoggrn@trellian.com	5c4c664a2460489d215ba0c60639e07b9008eb47	2750665645
997	Duky	dlempelro@hostgator.com	5c4c664a2460489d215ba0c60639e07b9008eb47	1571267188
998	Jacynth	jsymcoxrp@engadget.com	5c4c664a2460489d215ba0c60639e07b9008eb47	3791996306
999	Bobina	bmitroshinovrq@yellowpages.com	5c4c664a2460489d215ba0c60639e07b9008eb47	8272934078
1000	Decca	dciricrr@amazon.co.jp	5c4c664a2460489d215ba0c60639e07b9008eb47	7705794840
